=== environment ===
NODE=v20.15.0
YARN=1.22.22

=== sync source to WSL-native filesystem ===

=== yarn install ===
yarn install v1.22.22
[1/4] Resolving packages...
[2/4] Fetching packages...
[3/4] Linking dependencies...
warning " > @csstools/postcss-global-data@3.1.0" has unmet peer dependency "postcss@^8.4".
warning "commitlint > @commitlint/cli > @commitlint/load > cosmiconfig-typescript-loader@6.3.0" has unmet peer dependency "@types/node@*".
warning " > postcss-custom-media@11.0.6" has unmet peer dependency "postcss@^8.4".
warning " > stylelint-config-prettier@9.0.5" has incorrect peer dependency "stylelint@>= 11.x < 15".
[4/4] Building fresh packages...
$ husky
.git can't be foundDone in 18.74s.
INSTALL_RC=0

=== vitest (run once, no watch) ===

 RUN  v3.1.4 /home/fjmolina/spa-build

 ✓ src/test/api/basicHeaderFooter.test.ts > api/basicHeaderFooter fetchBasicHeaderFooterData > uses circuit breaker with onlySecondary=false when butter-active=true 268ms
 ✓ src/test/api/basicHeaderFooter.test.ts > api/basicHeaderFooter fetchBasicHeaderFooterData > uses circuit breaker with onlySecondary=true when butter-active=false 47ms
 ✓ src/test/components/ErrorController.test.tsx > ErrorModal > Initializing ErrorController class 7ms
 × src/test/components/ErrorController.test.tsx > ErrorModal > Check if generalErrorInfo gets error text when code 999 or undefined 20ms
   → [vitest] No "isEmptyObject" export is defined on the "@lm-tecnologias-interactivas-u/website-utils" mock. Did you forget to return it from "vi.mock"?
If you need to partially mock a module, you can use "importOriginal" helper inside:

 ✓ src/test/components/ErrorController.test.tsx > ErrorModal > Test api call to get codeError 1ms
 ✓ src/test/components/ErrorController.test.tsx > ErrorModal > Error controller displays ErrorModal component when page is true 1ms
 ✓ src/test/components/ErrorController.test.tsx > ErrorModal > Error controller displays Alert component when page is false 1ms
 ✓ src/test/components/PasskeyButton.test.tsx > PasskeyButton > exposes a button role with the CMS label as its accessible name 193ms
 ✓ src/test/components/PasskeyButton.test.tsx > PasskeyButton > falls back to a default label when the CMS entry has no name 21ms
 ✓ src/test/components/PasskeyButton.test.tsx > PasskeyButton > hides the icon from assistive technology so the name is not announced twice 30ms
 ✓ src/test/components/PasskeyButton.test.tsx > PasskeyButton > associates the hint with the button through aria-describedby 21ms
 ✓ src/test/components/PasskeyButton.test.tsx > PasskeyButton > omits aria-describedby when there is no hint 21ms
 × src/test/api/partnerStyles.test.ts > api/partnerStyles fetchPartnerStyles > formats endpoints, includes microsite, and uses primary fetch when onlySecondary=false 34ms
   → expected "spy" to be called with arguments: [ StringContaining{…}, …(1) ][90m

Received: 

[1m  1st spy call:

[22m[2m  [[22m
[32m-   StringContaining "https://api.buttercms.com/v2/pages/mod_partner_styles/?locale=<language>&auth_token=<token>&fields.partner.code=<partner>",[90m
[31m+   "fmt:https://api.buttercms.com/v2/pages/mod_partner_styles/?locale=<language>&auth_token=<token>&fields.partner.code=<partner>:es:LM:60dc7ce557433d9165237bb161807cba88633bf3",[90m
[2m    {[22m
[31m+     "initConfig": {[90m
[31m+       "cache": "no-cache",[90m
[31m+     },[90m
[2m      "responseConfig": {[22m
[32m-       "microsite": Any<String>,[90m
[31m+       "microsite": "hub-keycloak-login-ui",[90m
[2m      },[22m
[2m    },[22m
[2m  ][22m

[1m  2nd spy call:

[22m[2m  [[22m
[32m-   StringContaining "https://api.buttercms.com/v2/pages/mod_partner_styles/?locale=<language>&auth_token=<token>&fields.partner.code=<partner>",[90m
[31m+   "fmt:https://cms-content.uat-lifemiles.net/api/cms/<partner>/mod_partner_styles_lm/mod-partner-style/data.json:es:LM:-",[90m
[2m    {[22m
[31m+     "initConfig": {[90m
[31m+       "cache": "no-cache",[90m
[31m+     },[90m
[2m      "responseConfig": {[22m
[32m-       "microsite": Any<String>,[90m
[31m+       "microsite": "hub-keycloak-login-ui",[90m
[2m      },[22m
[2m    },[22m
[2m  ][22m
[39m[90m

Number of calls: [1m2[22m
[39m
 ✓ src/test/utils/form.test.ts > fieldsValid > returns true when validate=false and no fields changed 4ms
 ✓ src/test/utils/form.test.ts > fieldsValid > returns false when validate=false and some changed fields are invalid 2ms
 ✓ src/test/utils/form.test.ts > fieldsValid > returns true when validate=false and changed fields are valid 1ms
 ✓ src/test/utils/form.test.ts > fieldsValid > returns true when validate=true and all fields valid 1ms
 ✓ src/test/utils/form.test.ts > fieldsValid > returns false when validate=true and any field invalid (even if not changed) 0ms
 ✓ src/test/utils/form.test.ts > fieldsValid - extra coverage > defaults to validate=false when omitted 0ms
 ✓ src/test/utils/form.test.ts > fieldsValid - extra coverage > returns true for empty form regardless of validate flag 0ms
 ✓ src/test/utils/form.test.ts > fieldsValid - extra coverage > treats undefined change as not changed when validate=false 0ms
 ✓ src/test/utils/form.test.ts > fieldsValid - extra coverage > fails when validate=true and a field is invalid even if change is undefined 0ms
 ✓ src/test/utils/form.test.ts > fieldsValid - extra coverage > handles multiple fields and only fails when a changed field is invalid (validate=false) 0ms
 ✓ src/test/components/PasskeyButton.test.tsx > PasskeyButton > is reachable by keyboard and activates with Enter 90ms
 ✓ src/test/components/PasskeyButton.test.tsx > PasskeyButton > activates with Space 52ms
 ✓ src/test/components/PasskeyButton.test.tsx > PasskeyButton > activates on click 56ms
 ✓ src/test/components/PasskeyButton.test.tsx > PasskeyButton > does not fire when disabled 50ms
 ✓ src/test/components/PasskeyButton.test.tsx > PasskeyButton > declares type=button so it cannot accidentally submit a surrounding form 12ms
 ✓ src/test/utils/webauthn.test.ts > isPasskeySupported > returns true when a user-verifying platform authenticator is available 11ms
 ✓ src/test/utils/webauthn.test.ts > isPasskeySupported > returns false when the browser has no PublicKeyCredential 2ms
 ✓ src/test/utils/webauthn.test.ts > isPasskeySupported > returns false when navigator.credentials is missing 1ms
 ✓ src/test/utils/webauthn.test.ts > isPasskeySupported > returns false when PublicKeyCredential exists without the availability helper 2ms
 ✓ src/test/utils/webauthn.test.ts > isPasskeySupported > returns false when the platform reports no authenticator 1ms
 ✓ src/test/utils/webauthn.test.ts > isPasskeySupported > degrades to false instead of throwing when the call is rejected 1ms
 ✓ src/test/utils/webauthn.test.ts > isPasskeySupported > treats a non-boolean resolution as unsupported 1ms
 ✓ src/test/utils/webauthn.test.ts > base64url encoding helpers > round-trips bytes through base64url 1ms
 ✓ src/test/utils/webauthn.test.ts > base64url encoding helpers > produces url-safe output with no padding 1ms
 ✓ src/test/utils/webauthn.test.ts > base64url encoding helpers > decodes input that needs padding restored 0ms
 ✓ src/test/utils/webauthn.test.ts > classifyPasskeyFailure > maps NotAllowedError to cancelled 1ms
 ✓ src/test/utils/webauthn.test.ts > classifyPasskeyFailure > maps AbortError to timeout 0ms
 ✓ src/test/utils/webauthn.test.ts > classifyPasskeyFailure > maps InvalidStateError to no-credential 0ms
 ✓ src/test/utils/webauthn.test.ts > classifyPasskeyFailure > maps NotSupportedError and SecurityError to not-supported 2ms
 ✓ src/test/utils/webauthn.test.ts > classifyPasskeyFailure > falls back to unknown for anything else 1ms
 ✓ src/test/components/SocialManager.passkey.test.tsx > SocialManager — Passkey option > shows the Passkey option when supported, flagged on, and offered by Keycloak 125ms
 ✓ src/test/components/SocialManager.passkey.test.tsx > SocialManager — Passkey option > hides the Passkey option when the device does not support WebAuthn (FR-2) 39ms
 ✓ src/test/components/SocialManager.passkey.test.tsx > SocialManager — Passkey option > hides the Passkey option when the feature flag is off (FR-7 kill switch) 33ms
 ✓ src/test/api/loginTexts.test.ts > api/loginTexts fetchLoginTextApi > uses butter as primary when butter-active=true (onlySecondary=false) 319ms
 ✓ src/test/api/loginTexts.test.ts > api/loginTexts fetchLoginTextApi > uses strapi only when butter-active=false (onlySecondary=true) 38ms
stderr | src/test/components/ErrorModal.test.tsx > ErrorModal > Error Modal renders without crashing
Error: Uncaught [Error: [vitest] No "SuccessOrErrorComponent" export is defined on the "@lm-tecnologias-interactivas-c/website-components" mock. Did you forget to return it from "vi.mock"?
If you need to partially mock a module, you can use "importOriginal" helper inside:
]
    at reportException (/home/fjmolina/spa-build/node_modules/jsdom/lib/jsdom/living/helpers/runtime-script-errors.js:66:24)
    at innerInvokeEventListeners (/home/fjmolina/spa-build/node_modules/jsdom/lib/jsdom/living/events/EventTarget-impl.js:353:9)
    at invokeEventListeners (/home/fjmolina/spa-build/node_modules/jsdom/lib/jsdom/living/events/EventTarget-impl.js:286:3)
    at HTMLUnknownElementImpl._dispatch (/home/fjmolina/spa-build/node_modules/jsdom/lib/jsdom/living/events/EventTarget-impl.js:233:9)
    at HTMLUnknownElementImpl.dispatchEvent (/home/fjmolina/spa-build/node_modules/jsdom/lib/jsdom/living/events/EventTarget-impl.js:104:17)
    at HTMLUnknownElement.dispatchEvent (/home/fjmolina/spa-build/node_modules/jsdom/lib/jsdom/living/generated/EventTarget.js:241:34)
    at Object.invokeGuardedCallbackDev (/home/fjmolina/spa-build/node_modules/react-dom/cjs/react-dom.development.js:4213:16)
    at invokeGuardedCallback (/home/fjmolina/spa-build/node_modules/react-dom/cjs/react-dom.development.js:4277:31)
    at beginWork$1 (/home/fjmolina/spa-build/node_modules/react-dom/cjs/react-dom.development.js:27490:7)
    at performUnitOfWork (/home/fjmolina/spa-build/node_modules/react-dom/cjs/react-dom.development.js:26599:12) Error: [vitest] No "SuccessOrErrorComponent" export is defined on the "@lm-tecnologias-interactivas-c/website-components" mock. Did you forget to return it from "vi.mock"?
If you need to partially mock a module, you can use "importOriginal" helper inside:

    at VitestMocker.createError [90m(file:///home/fjmolina/spa-build/[39mnode_modules/[4mvitest[24m/dist/chunks/execute.BpmIjFTD.js:330:17[90m)[39m
    at Object.SuccessOrErrorComponent [as get] [90m(file:///home/fjmolina/spa-build/[39mnode_modules/[4mvitest[24m/dist/chunks/execute.BpmIjFTD.js:386:16[90m)[39m
    at render [90m(/home/fjmolina/spa-build/[39msrc/components/ErrorModal/index.tsx:178:12[90m)[39m
    at ErrorModal [90m(/home/fjmolina/spa-build/[39msrc/components/ErrorModal/index.tsx:205:10[90m)[39m
    at renderWithHooks [90m(/home/fjmolina/spa-build/[39mnode_modules/[4mreact-dom[24m/cjs/react-dom.development.js:15486:18[90m)[39m
    at updateFunctionComponent [90m(/home/fjmolina/spa-build/[39mnode_modules/[4mreact-dom[24m/cjs/react-dom.development.js:19617:20[90m)[39m
    at beginWork [90m(/home/fjmolina/spa-build/[39mnode_modules/[4mreact-dom[24m/cjs/react-dom.development.js:21640:16[90m)[39m
    at HTMLUnknownElement.callCallback [90m(/home/fjmolina/spa-build/[39mnode_modules/[4mreact-dom[24m/cjs/react-dom.development.js:4164:14[90m)[39m
    at HTMLUnknownElement.callTheUserObjectsOperation [90m(/home/fjmolina/spa-build/[39mnode_modules/[4mjsdom[24m/lib/jsdom/living/generated/EventListener.js:26:30[90m)[39m
    at innerInvokeEventListeners [90m(/home/fjmolina/spa-build/[39mnode_modules/[4mjsdom[24m/lib/jsdom/living/events/EventTarget-impl.js:350:25[90m)[39m {
  codeFrame: [32m'vi\x1B[33m.\x1B[39m\x1B[34mmock\x1B[39m(\x1B[35mimport\x1B[39m(\x1B[32m"@lm-tecnologias-interactivas-c/website-components"\x1B[39m)\x1B[33m,\x1B[39m \x1B[35masync\x1B[39m (importOriginal) \x1B[33m=>\x1B[39m {\n'[39m +
    [32m'  \x1B[35mconst\x1B[39m actual \x1B[33m=\x1B[39m \x1B[35mawait\x1B[39m \x1B[34mimportOriginal\x1B[39m()\n'[39m +
    [32m'  \x1B[35mreturn\x1B[39m {\n'[39m +
    [32m'    \x1B[33m...\x1B[39mactual\x1B[33m,\x1B[39m\n'[39m +
    [32m'    \x1B[90m// your mocked methods\x1B[39m\n'[39m +
    [32m'  }\n'[39m +
    [32m'})'[39m
}
Error: Uncaught [Error: [vitest] No "SuccessOrErrorComponent" export is defined on the "@lm-tecnologias-interactivas-c/website-components" mock. Did you forget to return it from "vi.mock"?
If you need to partially mock a module, you can use "importOriginal" helper inside:
]
    at reportException (/home/fjmolina/spa-build/node_modules/jsdom/lib/jsdom/living/helpers/runtime-script-errors.js:66:24)
    at innerInvokeEventListeners (/home/fjmolina/spa-build/node_modules/jsdom/lib/jsdom/living/events/EventTarget-impl.js:353:9)
    at invokeEventListeners (/home/fjmolina/spa-build/node_modules/jsdom/lib/jsdom/living/events/EventTarget-impl.js:286:3)
    at HTMLUnknownElementImpl._dispatch (/home/fjmolina/spa-build/node_modules/jsdom/lib/jsdom/living/events/EventTarget-impl.js:233:9)
    at HTMLUnknownElementImpl.dispatchEvent (/home/fjmolina/spa-build/node_modules/jsdom/lib/jsdom/living/events/EventTarget-impl.js:104:17)
    at HTMLUnknownElement.dispatchEvent (/home/fjmolina/spa-build/node_modules/jsdom/lib/jsdom/living/generated/EventTarget.js:241:34)
    at Object.invokeGuardedCallbackDev (/home/fjmolina/spa-build/node_modules/react-dom/cjs/react-dom.development.js:4213:16)
    at invokeGuardedCallback (/home/fjmolina/spa-build/node_modules/react-dom/cjs/react-dom.development.js:4277:31)
    at beginWork$1 (/home/fjmolina/spa-build/node_modules/react-dom/cjs/react-dom.development.js:27490:7)
    at performUnitOfWork (/home/fjmolina/spa-build/node_modules/react-dom/cjs/react-dom.development.js:26599:12) Error: [vitest] No "SuccessOrErrorComponent" export is defined on the "@lm-tecnologias-interactivas-c/website-components" mock. Did you forget to return it from "vi.mock"?
If you need to partially mock a module, you can use "importOriginal" helper inside:

    at VitestMocker.createError [90m(file:///home/fjmolina/spa-build/[39mnode_modules/[4mvitest[24m/dist/chunks/execute.BpmIjFTD.js:330:17[90m)[39m
    at Object.SuccessOrErrorComponent [as get] [90m(file:///home/fjmolina/spa-build/[39mnode_modules/[4mvitest[24m/dist/chunks/execute.BpmIjFTD.js:386:16[90m)[39m
    at render [90m(/home/fjmolina/spa-build/[39msrc/components/ErrorModal/index.tsx:178:12[90m)[39m
    at ErrorModal [90m(/home/fjmolina/spa-build/[39msrc/components/ErrorModal/index.tsx:205:10[90m)[39m
    at renderWithHooks [90m(/home/fjmolina/spa-build/[39mnode_modules/[4mreact-dom[24m/cjs/react-dom.development.js:15486:18[90m)[39m
    at updateFunctionComponent [90m(/home/fjmolina/spa-build/[39mnode_modules/[4mreact-dom[24m/cjs/react-dom.development.js:19617:20[90m)[39m
    at beginWork [90m(/home/fjmolina/spa-build/[39mnode_modules/[4mreact-dom[24m/cjs/react-dom.development.js:21640:16[90m)[39m
    at HTMLUnknownElement.callCallback [90m(/home/fjmolina/spa-build/[39mnode_modules/[4mreact-dom[24m/cjs/react-dom.development.js:4164:14[90m)[39m
    at HTMLUnknownElement.callTheUserObjectsOperation [90m(/home/fjmolina/spa-build/[39mnode_modules/[4mjsdom[24m/lib/jsdom/living/generated/EventListener.js:26:30[90m)[39m
    at innerInvokeEventListeners [90m(/home/fjmolina/spa-build/[39mnode_modules/[4mjsdom[24m/lib/jsdom/living/events/EventTarget-impl.js:350:25[90m)[39m {
  codeFrame: [32m'vi\x1B[33m.\x1B[39m\x1B[34mmock\x1B[39m(\x1B[35mimport\x1B[39m(\x1B[32m"@lm-tecnologias-interactivas-c/website-components"\x1B[39m)\x1B[33m,\x1B[39m \x1B[35masync\x1B[39m (importOriginal) \x1B[33m=>\x1B[39m {\n'[39m +
    [32m'  \x1B[35mconst\x1B[39m actual \x1B[33m=\x1B[39m \x1B[35mawait\x1B[39m \x1B[34mimportOriginal\x1B[39m()\n'[39m +
    [32m'  \x1B[35mreturn\x1B[39m {\n'[39m +
    [32m'    \x1B[33m...\x1B[39mactual\x1B[33m,\x1B[39m\n'[39m +
    [32m'    \x1B[90m// your mocked methods\x1B[39m\n'[39m +
    [32m'  }\n'[39m +
    [32m'})'[39m
}
The above error occurred in the <ErrorModal> component:

    at ErrorModal (/home/fjmolina/spa-build/src/components/ErrorModal/index.tsx:21:85)

Consider adding an error boundary to your tree to customize error handling behavior.
Visit https://reactjs.org/link/error-boundaries to learn more about error boundaries.

stderr | src/test/components/ErrorModal.test.tsx > ErrorModal > Error controller displays default text and ErrorModal component when codeError doesnt exist
Error: Uncaught [Error: [vitest] No "SuccessOrErrorComponent" export is defined on the "@lm-tecnologias-interactivas-c/website-components" mock. Did you forget to return it from "vi.mock"?
If you need to partially mock a module, you can use "importOriginal" helper inside:
]
    at reportException (/home/fjmolina/spa-build/node_modules/jsdom/lib/jsdom/living/helpers/runtime-script-errors.js:66:24)
    at innerInvokeEventListeners (/home/fjmolina/spa-build/node_modules/jsdom/lib/jsdom/living/events/EventTarget-impl.js:353:9)
    at invokeEventListeners (/home/fjmolina/spa-build/node_modules/jsdom/lib/jsdom/living/events/EventTarget-impl.js:286:3)
    at HTMLUnknownElementImpl._dispatch (/home/fjmolina/spa-build/node_modules/jsdom/lib/jsdom/living/events/EventTarget-impl.js:233:9)
    at HTMLUnknownElementImpl.dispatchEvent (/home/fjmolina/spa-build/node_modules/jsdom/lib/jsdom/living/events/EventTarget-impl.js:104:17)
    at HTMLUnknownElement.dispatchEvent (/home/fjmolina/spa-build/node_modules/jsdom/lib/jsdom/living/generated/EventTarget.js:241:34)
    at Object.invokeGuardedCallbackDev (/home/fjmolina/spa-build/node_modules/react-dom/cjs/react-dom.development.js:4213:16)
    at invokeGuardedCallback (/home/fjmolina/spa-build/node_modules/react-dom/cjs/react-dom.development.js:4277:31)
    at beginWork$1 (/home/fjmolina/spa-build/node_modules/react-dom/cjs/react-dom.development.js:27490:7)
    at performUnitOfWork (/home/fjmolina/spa-build/node_modules/react-dom/cjs/react-dom.development.js:26599:12) Error: [vitest] No "SuccessOrErrorComponent" export is defined on the "@lm-tecnologias-interactivas-c/website-components" mock. Did you forget to return it from "vi.mock"?
If you need to partially mock a module, you can use "importOriginal" helper inside:

    at VitestMocker.createError [90m(file:///home/fjmolina/spa-build/[39mnode_modules/[4mvitest[24m/dist/chunks/execute.BpmIjFTD.js:330:17[90m)[39m
    at Object.SuccessOrErrorComponent [as get] [90m(file:///home/fjmolina/spa-build/[39mnode_modules/[4mvitest[24m/dist/chunks/execute.BpmIjFTD.js:386:16[90m)[39m
    at render [90m(/home/fjmolina/spa-build/[39msrc/components/ErrorModal/index.tsx:178:12[90m)[39m
    at ErrorModal [90m(/home/fjmolina/spa-build/[39msrc/components/ErrorModal/index.tsx:205:10[90m)[39m
    at renderWithHooks [90m(/home/fjmolina/spa-build/[39mnode_modules/[4mreact-dom[24m/cjs/react-dom.development.js:15486:18[90m)[39m
    at updateFunctionComponent [90m(/home/fjmolina/spa-build/[39mnode_modules/[4mreact-dom[24m/cjs/react-dom.development.js:19617:20[90m)[39m
    at beginWork [90m(/home/fjmolina/spa-build/[39mnode_modules/[4mreact-dom[24m/cjs/react-dom.development.js:21640:16[90m)[39m
    at HTMLUnknownElement.callCallback [90m(/home/fjmolina/spa-build/[39mnode_modules/[4mreact-dom[24m/cjs/react-dom.development.js:4164:14[90m)[39m
    at HTMLUnknownElement.callTheUserObjectsOperation [90m(/home/fjmolina/spa-build/[39mnode_modules/[4mjsdom[24m/lib/jsdom/living/generated/EventListener.js:26:30[90m)[39m
    at innerInvokeEventListeners [90m(/home/fjmolina/spa-build/[39mnode_modules/[4mjsdom[24m/lib/jsdom/living/events/EventTarget-impl.js:350:25[90m)[39m {
  codeFrame: [32m'vi\x1B[33m.\x1B[39m\x1B[34mmock\x1B[39m(\x1B[35mimport\x1B[39m(\x1B[32m"@lm-tecnologias-interactivas-c/website-components"\x1B[39m)\x1B[33m,\x1B[39m \x1B[35masync\x1B[39m (importOriginal) \x1B[33m=>\x1B[39m {\n'[39m +
    [32m'  \x1B[35mconst\x1B[39m actual \x1B[33m=\x1B[39m \x1B[35mawait\x1B[39m \x1B[34mimportOriginal\x1B[39m()\n'[39m +
    [32m'  \x1B[35mreturn\x1B[39m {\n'[39m +
    [32m'    \x1B[33m...\x1B[39mactual\x1B[33m,\x1B[39m\n'[39m +
    [32m'    \x1B[90m// your mocked methods\x1B[39m\n'[39m +
    [32m'  }\n'[39m +
    [32m'})'[39m
}
Error: Uncaught [Error: [vitest] No "SuccessOrErrorComponent" export is defined on the "@lm-tecnologias-interactivas-c/website-components" mock. Did you forget to return it from "vi.mock"?
If you need to partially mock a module, you can use "importOriginal" helper inside:
]
    at reportException (/home/fjmolina/spa-build/node_modules/jsdom/lib/jsdom/living/helpers/runtime-script-errors.js:66:24)
    at innerInvokeEventListeners (/home/fjmolina/spa-build/node_modules/jsdom/lib/jsdom/living/events/EventTarget-impl.js:353:9)
    at invokeEventListeners (/home/fjmolina/spa-build/node_modules/jsdom/lib/jsdom/living/events/EventTarget-impl.js:286:3)
    at HTMLUnknownElementImpl._dispatch (/home/fjmolina/spa-build/node_modules/jsdom/lib/jsdom/living/events/EventTarget-impl.js:233:9)
    at HTMLUnknownElementImpl.dispatchEvent (/home/fjmolina/spa-build/node_modules/jsdom/lib/jsdom/living/events/EventTarget-impl.js:104:17)
    at HTMLUnknownElement.dispatchEvent (/home/fjmolina/spa-build/node_modules/jsdom/lib/jsdom/living/generated/EventTarget.js:241:34)
    at Object.invokeGuardedCallbackDev (/home/fjmolina/spa-build/node_modules/react-dom/cjs/react-dom.development.js:4213:16)
    at invokeGuardedCallback (/home/fjmolina/spa-build/node_modules/react-dom/cjs/react-dom.development.js:4277:31)
    at beginWork$1 (/home/fjmolina/spa-build/node_modules/react-dom/cjs/react-dom.development.js:27490:7)
    at performUnitOfWork (/home/fjmolina/spa-build/node_modules/react-dom/cjs/react-dom.development.js:26599:12) Error: [vitest] No "SuccessOrErrorComponent" export is defined on the "@lm-tecnologias-interactivas-c/website-components" mock. Did you forget to return it from "vi.mock"?
If you need to partially mock a module, you can use "importOriginal" helper inside:

    at VitestMocker.createError [90m(file:///home/fjmolina/spa-build/[39mnode_modules/[4mvitest[24m/dist/chunks/execute.BpmIjFTD.js:330:17[90m)[39m
    at Object.SuccessOrErrorComponent [as get] [90m(file:///home/fjmolina/spa-build/[39mnode_modules/[4mvitest[24m/dist/chunks/execute.BpmIjFTD.js:386:16[90m)[39m
    at render [90m(/home/fjmolina/spa-build/[39msrc/components/ErrorModal/index.tsx:178:12[90m)[39m
    at ErrorModal [90m(/home/fjmolina/spa-build/[39msrc/components/ErrorModal/index.tsx:205:10[90m)[39m
    at renderWithHooks [90m(/home/fjmolina/spa-build/[39mnode_modules/[4mreact-dom[24m/cjs/react-dom.development.js:15486:18[90m)[39m
    at updateFunctionComponent [90m(/home/fjmolina/spa-build/[39mnode_modules/[4mreact-dom[24m/cjs/react-dom.development.js:19617:20[90m)[39m
    at beginWork [90m(/home/fjmolina/spa-build/[39mnode_modules/[4mreact-dom[24m/cjs/react-dom.development.js:21640:16[90m)[39m
    at HTMLUnknownElement.callCallback [90m(/home/fjmolina/spa-build/[39mnode_modules/[4mreact-dom[24m/cjs/react-dom.development.js:4164:14[90m)[39m
    at HTMLUnknownElement.callTheUserObjectsOperation [90m(/home/fjmolina/spa-build/[39mnode_modules/[4mjsdom[24m/lib/jsdom/living/generated/EventListener.js:26:30[90m)[39m
    at innerInvokeEventListeners [90m(/home/fjmolina/spa-build/[39mnode_modules/[4mjsdom[24m/lib/jsdom/living/events/EventTarget-impl.js:350:25[90m)[39m {
  codeFrame: [32m'vi\x1B[33m.\x1B[39m\x1B[34mmock\x1B[39m(\x1B[35mimport\x1B[39m(\x1B[32m"@lm-tecnologias-interactivas-c/website-components"\x1B[39m)\x1B[33m,\x1B[39m \x1B[35masync\x1B[39m (importOriginal) \x1B[33m=>\x1B[39m {\n'[39m +
    [32m'  \x1B[35mconst\x1B[39m actual \x1B[33m=\x1B[39m \x1B[35mawait\x1B[39m \x1B[34mimportOriginal\x1B[39m()\n'[39m +
    [32m'  \x1B[35mreturn\x1B[39m {\n'[39m +
    [32m'    \x1B[33m...\x1B[39mactual\x1B[33m,\x1B[39m\n'[39m +
    [32m'    \x1B[90m// your mocked methods\x1B[39m\n'[39m +
    [32m'  }\n'[39m +
    [32m'})'[39m
}
The above error occurred in the <ErrorModal> component:

    at ErrorModal (/home/fjmolina/spa-build/src/components/ErrorModal/index.tsx:21:85)

Consider adding an error boundary to your tree to customize error handling behavior.
Visit https://reactjs.org/link/error-boundaries to learn more about error boundaries.

stderr | src/test/components/ErrorModal.test.tsx > ErrorModal > Api Call to language Catalog
Error: Uncaught [Error: [vitest] No "SuccessOrErrorComponent" export is defined on the "@lm-tecnologias-interactivas-c/website-components" mock. Did you forget to return it from "vi.mock"?
If you need to partially mock a module, you can use "importOriginal" helper inside:
]
    at reportException (/home/fjmolina/spa-build/node_modules/jsdom/lib/jsdom/living/helpers/runtime-script-errors.js:66:24)
    at innerInvokeEventListeners (/home/fjmolina/spa-build/node_modules/jsdom/lib/jsdom/living/events/EventTarget-impl.js:353:9)
    at invokeEventListeners (/home/fjmolina/spa-build/node_modules/jsdom/lib/jsdom/living/events/EventTarget-impl.js:286:3)
    at HTMLUnknownElementImpl._dispatch (/home/fjmolina/spa-build/node_modules/jsdom/lib/jsdom/living/events/EventTarget-impl.js:233:9)
    at HTMLUnknownElementImpl.dispatchEvent (/home/fjmolina/spa-build/node_modules/jsdom/lib/jsdom/living/events/EventTarget-impl.js:104:17)
    at HTMLUnknownElement.dispatchEvent (/home/fjmolina/spa-build/node_modules/jsdom/lib/jsdom/living/generated/EventTarget.js:241:34)
    at Object.invokeGuardedCallbackDev (/home/fjmolina/spa-build/node_modules/react-dom/cjs/react-dom.development.js:4213:16)
    at invokeGuardedCallback (/home/fjmolina/spa-build/node_modules/react-dom/cjs/react-dom.development.js:4277:31)
    at beginWork$1 (/home/fjmolina/spa-build/node_modules/react-dom/cjs/react-dom.development.js:27490:7)
    at performUnitOfWork (/home/fjmolina/spa-build/node_modules/react-dom/cjs/react-dom.development.js:26599:12) Error: [vitest] No "SuccessOrErrorComponent" export is defined on the "@lm-tecnologias-interactivas-c/website-components" mock. Did you forget to return it from "vi.mock"?
If you need to partially mock a module, you can use "importOriginal" helper inside:

    at VitestMocker.createError [90m(file:///home/fjmolina/spa-build/[39mnode_modules/[4mvitest[24m/dist/chunks/execute.BpmIjFTD.js:330:17[90m)[39m
    at Object.SuccessOrErrorComponent [as get] [90m(file:///home/fjmolina/spa-build/[39mnode_modules/[4mvitest[24m/dist/chunks/execute.BpmIjFTD.js:386:16[90m)[39m
    at render [90m(/home/fjmolina/spa-build/[39msrc/components/ErrorModal/index.tsx:178:12[90m)[39m
    at ErrorModal [90m(/home/fjmolina/spa-build/[39msrc/components/ErrorModal/index.tsx:205:10[90m)[39m
    at renderWithHooks [90m(/home/fjmolina/spa-build/[39mnode_modules/[4mreact-dom[24m/cjs/react-dom.development.js:15486:18[90m)[39m
    at updateFunctionComponent [90m(/home/fjmolina/spa-build/[39mnode_modules/[4mreact-dom[24m/cjs/react-dom.development.js:19617:20[90m)[39m
    at beginWork [90m(/home/fjmolina/spa-build/[39mnode_modules/[4mreact-dom[24m/cjs/react-dom.development.js:21640:16[90m)[39m
    at HTMLUnknownElement.callCallback [90m(/home/fjmolina/spa-build/[39mnode_modules/[4mreact-dom[24m/cjs/react-dom.development.js:4164:14[90m)[39m
    at HTMLUnknownElement.callTheUserObjectsOperation [90m(/home/fjmolina/spa-build/[39mnode_modules/[4mjsdom[24m/lib/jsdom/living/generated/EventListener.js:26:30[90m)[39m
    at innerInvokeEventListeners [90m(/home/fjmolina/spa-build/[39mnode_modules/[4mjsdom[24m/lib/jsdom/living/events/EventTarget-impl.js:350:25[90m)[39m {
  codeFrame: [32m'vi\x1B[33m.\x1B[39m\x1B[34mmock\x1B[39m(\x1B[35mimport\x1B[39m(\x1B[32m"@lm-tecnologias-interactivas-c/website-components"\x1B[39m)\x1B[33m,\x1B[39m \x1B[35masync\x1B[39m (importOriginal) \x1B[33m=>\x1B[39m {\n'[39m +
    [32m'  \x1B[35mconst\x1B[39m actual \x1B[33m=\x1B[39m \x1B[35mawait\x1B[39m \x1B[34mimportOriginal\x1B[39m()\n'[39m +
    [32m'  \x1B[35mreturn\x1B[39m {\n'[39m +
    [32m'    \x1B[33m...\x1B[39mactual\x1B[33m,\x1B[39m\n'[39m +
    [32m'    \x1B[90m// your mocked methods\x1B[39m\n'[39m +
    [32m'  }\n'[39m +
    [32m'})'[39m
}
Error: Uncaught [Error: [vitest] No "SuccessOrErrorComponent" export is defined on the "@lm-tecnologias-interactivas-c/website-components" mock. Did you forget to return it from "vi.mock"?
If you need to partially mock a module, you can use "importOriginal" helper inside:
]
    at reportException (/home/fjmolina/spa-build/node_modules/jsdom/lib/jsdom/living/helpers/runtime-script-errors.js:66:24)
    at innerInvokeEventListeners (/home/fjmolina/spa-build/node_modules/jsdom/lib/jsdom/living/events/EventTarget-impl.js:353:9)
    at invokeEventListeners (/home/fjmolina/spa-build/node_modules/jsdom/lib/jsdom/living/events/EventTarget-impl.js:286:3)
    at HTMLUnknownElementImpl._dispatch (/home/fjmolina/spa-build/node_modules/jsdom/lib/jsdom/living/events/EventTarget-impl.js:233:9)
    at HTMLUnknownElementImpl.dispatchEvent (/home/fjmolina/spa-build/node_modules/jsdom/lib/jsdom/living/events/EventTarget-impl.js:104:17)
    at HTMLUnknownElement.dispatchEvent (/home/fjmolina/spa-build/node_modules/jsdom/lib/jsdom/living/generated/EventTarget.js:241:34)
    at Object.invokeGuardedCallbackDev (/home/fjmolina/spa-build/node_modules/react-dom/cjs/react-dom.development.js:4213:16)
    at invokeGuardedCallback (/home/fjmolina/spa-build/node_modules/react-dom/cjs/react-dom.development.js:4277:31)
    at beginWork$1 (/home/fjmolina/spa-build/node_modules/react-dom/cjs/react-dom.development.js:27490:7)
    at performUnitOfWork (/home/fjmolina/spa-build/node_modules/react-dom/cjs/react-dom.development.js:26599:12) Error: [vitest] No "SuccessOrErrorComponent" export is defined on the "@lm-tecnologias-interactivas-c/website-components" mock. Did you forget to return it from "vi.mock"?
If you need to partially mock a module, you can use "importOriginal" helper inside:

    at VitestMocker.createError [90m(file:///home/fjmolina/spa-build/[39mnode_modules/[4mvitest[24m/dist/chunks/execute.BpmIjFTD.js:330:17[90m)[39m
    at Object.SuccessOrErrorComponent [as get] [90m(file:///home/fjmolina/spa-build/[39mnode_modules/[4mvitest[24m/dist/chunks/execute.BpmIjFTD.js:386:16[90m)[39m
    at render [90m(/home/fjmolina/spa-build/[39msrc/components/ErrorModal/index.tsx:178:12[90m)[39m
    at ErrorModal [90m(/home/fjmolina/spa-build/[39msrc/components/ErrorModal/index.tsx:205:10[90m)[39m
    at renderWithHooks [90m(/home/fjmolina/spa-build/[39mnode_modules/[4mreact-dom[24m/cjs/react-dom.development.js:15486:18[90m)[39m
    at updateFunctionComponent [90m(/home/fjmolina/spa-build/[39mnode_modules/[4mreact-dom[24m/cjs/react-dom.development.js:19617:20[90m)[39m
    at beginWork [90m(/home/fjmolina/spa-build/[39mnode_modules/[4mreact-dom[24m/cjs/react-dom.development.js:21640:16[90m)[39m
    at HTMLUnknownElement.callCallback [90m(/home/fjmolina/spa-build/[39mnode_modules/[4mreact-dom[24m/cjs/react-dom.development.js:4164:14[90m)[39m
    at HTMLUnknownElement.callTheUserObjectsOperation [90m(/home/fjmolina/spa-build/[39mnode_modules/[4mjsdom[24m/lib/jsdom/living/generated/EventListener.js:26:30[90m)[39m
    at innerInvokeEventListeners [90m(/home/fjmolina/spa-build/[39mnode_modules/[4mjsdom[24m/lib/jsdom/living/events/EventTarget-impl.js:350:25[90m)[39m {
  codeFrame: [32m'vi\x1B[33m.\x1B[39m\x1B[34mmock\x1B[39m(\x1B[35mimport\x1B[39m(\x1B[32m"@lm-tecnologias-interactivas-c/website-components"\x1B[39m)\x1B[33m,\x1B[39m \x1B[35masync\x1B[39m (importOriginal) \x1B[33m=>\x1B[39m {\n'[39m +
    [32m'  \x1B[35mconst\x1B[39m actual \x1B[33m=\x1B[39m \x1B[35mawait\x1B[39m \x1B[34mimportOriginal\x1B[39m()\n'[39m +
    [32m'  \x1B[35mreturn\x1B[39m {\n'[39m +
    [32m'    \x1B[33m...\x1B[39mactual\x1B[33m,\x1B[39m\n'[39m +
    [32m'    \x1B[90m// your mocked methods\x1B[39m\n'[39m +
    [32m'  }\n'[39m +
    [32m'})'[39m
}
The above error occurred in the <ErrorModal> component:

    at ErrorModal (/home/fjmolina/spa-build/src/components/ErrorModal/index.tsx:21:85)

Consider adding an error boundary to your tree to customize error handling behavior.
Visit https://reactjs.org/link/error-boundaries to learn more about error boundaries.

stderr | src/test/components/ErrorModal.test.tsx > ErrorModal > Api Call to LoginTextsApi
Error: Uncaught [Error: [vitest] No "SuccessOrErrorComponent" export is defined on the "@lm-tecnologias-interactivas-c/website-components" mock. Did you forget to return it from "vi.mock"?
If you need to partially mock a module, you can use "importOriginal" helper inside:
]
    at reportException (/home/fjmolina/spa-build/node_modules/jsdom/lib/jsdom/living/helpers/runtime-script-errors.js:66:24)
    at innerInvokeEventListeners (/home/fjmolina/spa-build/node_modules/jsdom/lib/jsdom/living/events/EventTarget-impl.js:353:9)
    at invokeEventListeners (/home/fjmolina/spa-build/node_modules/jsdom/lib/jsdom/living/events/EventTarget-impl.js:286:3)
    at HTMLUnknownElementImpl._dispatch (/home/fjmolina/spa-build/node_modules/jsdom/lib/jsdom/living/events/EventTarget-impl.js:233:9)
    at HTMLUnknownElementImpl.dispatchEvent (/home/fjmolina/spa-build/node_modules/jsdom/lib/jsdom/living/events/EventTarget-impl.js:104:17)
    at HTMLUnknownElement.dispatchEvent (/home/fjmolina/spa-build/node_modules/jsdom/lib/jsdom/living/generated/EventTarget.js:241:34)
    at Object.invokeGuardedCallbackDev (/home/fjmolina/spa-build/node_modules/react-dom/cjs/react-dom.development.js:4213:16)
    at invokeGuardedCallback (/home/fjmolina/spa-build/node_modules/react-dom/cjs/react-dom.development.js:4277:31)
    at beginWork$1 (/home/fjmolina/spa-build/node_modules/react-dom/cjs/react-dom.development.js:27490:7)
    at performUnitOfWork (/home/fjmolina/spa-build/node_modules/react-dom/cjs/react-dom.development.js:26599:12) Error: [vitest] No "SuccessOrErrorComponent" export is defined on the "@lm-tecnologias-interactivas-c/website-components" mock. Did you forget to return it from "vi.mock"?
If you need to partially mock a module, you can use "importOriginal" helper inside:

    at VitestMocker.createError [90m(file:///home/fjmolina/spa-build/[39mnode_modules/[4mvitest[24m/dist/chunks/execute.BpmIjFTD.js:330:17[90m)[39m
    at Object.SuccessOrErrorComponent [as get] [90m(file:///home/fjmolina/spa-build/[39mnode_modules/[4mvitest[24m/dist/chunks/execute.BpmIjFTD.js:386:16[90m)[39m
    at render [90m(/home/fjmolina/spa-build/[39msrc/components/ErrorModal/index.tsx:178:12[90m)[39m
    at ErrorModal [90m(/home/fjmolina/spa-build/[39msrc/components/ErrorModal/index.tsx:205:10[90m)[39m
    at renderWithHooks [90m(/home/fjmolina/spa-build/[39mnode_modules/[4mreact-dom[24m/cjs/react-dom.development.js:15486:18[90m)[39m
    at updateFunctionComponent [90m(/home/fjmolina/spa-build/[39mnode_modules/[4mreact-dom[24m/cjs/react-dom.development.js:19617:20[90m)[39m
    at beginWork [90m(/home/fjmolina/spa-build/[39mnode_modules/[4mreact-dom[24m/cjs/react-dom.development.js:21640:16[90m)[39m
    at HTMLUnknownElement.callCallback [90m(/home/fjmolina/spa-build/[39mnode_modules/[4mreact-dom[24m/cjs/react-dom.development.js:4164:14[90m)[39m
    at HTMLUnknownElement.callTheUserObjectsOperation [90m(/home/fjmolina/spa-build/[39mnode_modules/[4mjsdom[24m/lib/jsdom/living/generated/EventListener.js:26:30[90m)[39m
    at innerInvokeEventListeners [90m(/home/fjmolina/spa-build/[39mnode_modules/[4mjsdom[24m/lib/jsdom/living/events/EventTarget-impl.js:350:25[90m)[39m {
  codeFrame: [32m'vi\x1B[33m.\x1B[39m\x1B[34mmock\x1B[39m(\x1B[35mimport\x1B[39m(\x1B[32m"@lm-tecnologias-interactivas-c/website-components"\x1B[39m)\x1B[33m,\x1B[39m \x1B[35masync\x1B[39m (importOriginal) \x1B[33m=>\x1B[39m {\n'[39m +
    [32m'  \x1B[35mconst\x1B[39m actual \x1B[33m=\x1B[39m \x1B[35mawait\x1B[39m \x1B[34mimportOriginal\x1B[39m()\n'[39m +
    [32m'  \x1B[35mreturn\x1B[39m {\n'[39m +
    [32m'    \x1B[33m...\x1B[39mactual\x1B[33m,\x1B[39m\n'[39m +
    [32m'    \x1B[90m// your mocked methods\x1B[39m\n'[39m +
    [32m'  }\n'[39m +
    [32m'})'[39m
}
Error: Uncaught [Error: [vitest] No "SuccessOrErrorComponent" export is defined on the "@lm-tecnologias-interactivas-c/website-components" mock. Did you forget to return it from "vi.mock"?
If you need to partially mock a module, you can use "importOriginal" helper inside:
]
    at reportException (/home/fjmolina/spa-build/node_modules/jsdom/lib/jsdom/living/helpers/runtime-script-errors.js:66:24)
    at innerInvokeEventListeners (/home/fjmolina/spa-build/node_modules/jsdom/lib/jsdom/living/events/EventTarget-impl.js:353:9)
    at invokeEventListeners (/home/fjmolina/spa-build/node_modules/jsdom/lib/jsdom/living/events/EventTarget-impl.js:286:3)
    at HTMLUnknownElementImpl._dispatch (/home/fjmolina/spa-build/node_modules/jsdom/lib/jsdom/living/events/EventTarget-impl.js:233:9)
    at HTMLUnknownElementImpl.dispatchEvent (/home/fjmolina/spa-build/node_modules/jsdom/lib/jsdom/living/events/EventTarget-impl.js:104:17)
    at HTMLUnknownElement.dispatchEvent (/home/fjmolina/spa-build/node_modules/jsdom/lib/jsdom/living/generated/EventTarget.js:241:34)
    at Object.invokeGuardedCallbackDev (/home/fjmolina/spa-build/node_modules/react-dom/cjs/react-dom.development.js:4213:16)
    at invokeGuardedCallback (/home/fjmolina/spa-build/node_modules/react-dom/cjs/react-dom.development.js:4277:31)
    at beginWork$1 (/home/fjmolina/spa-build/node_modules/react-dom/cjs/react-dom.development.js:27490:7)
    at performUnitOfWork (/home/fjmolina/spa-build/node_modules/react-dom/cjs/react-dom.development.js:26599:12) Error: [vitest] No "SuccessOrErrorComponent" export is defined on the "@lm-tecnologias-interactivas-c/website-components" mock. Did you forget to return it from "vi.mock"?
If you need to partially mock a module, you can use "importOriginal" helper inside:

    at VitestMocker.createError [90m(file:///home/fjmolina/spa-build/[39mnode_modules/[4mvitest[24m/dist/chunks/execute.BpmIjFTD.js:330:17[90m)[39m
    at Object.SuccessOrErrorComponent [as get] [90m(file:///home/fjmolina/spa-build/[39mnode_modules/[4mvitest[24m/dist/chunks/execute.BpmIjFTD.js:386:16[90m)[39m
    at render [90m(/home/fjmolina/spa-build/[39msrc/components/ErrorModal/index.tsx:178:12[90m)[39m
    at ErrorModal [90m(/home/fjmolina/spa-build/[39msrc/components/ErrorModal/index.tsx:205:10[90m)[39m
    at renderWithHooks [90m(/home/fjmolina/spa-build/[39mnode_modules/[4mreact-dom[24m/cjs/react-dom.development.js:15486:18[90m)[39m
    at updateFunctionComponent [90m(/home/fjmolina/spa-build/[39mnode_modules/[4mreact-dom[24m/cjs/react-dom.development.js:19617:20[90m)[39m
    at beginWork [90m(/home/fjmolina/spa-build/[39mnode_modules/[4mreact-dom[24m/cjs/react-dom.development.js:21640:16[90m)[39m
    at HTMLUnknownElement.callCallback [90m(/home/fjmolina/spa-build/[39mnode_modules/[4mreact-dom[24m/cjs/react-dom.development.js:4164:14[90m)[39m
    at HTMLUnknownElement.callTheUserObjectsOperation [90m(/home/fjmolina/spa-build/[39mnode_modules/[4mjsdom[24m/lib/jsdom/living/generated/EventListener.js:26:30[90m)[39m
    at innerInvokeEventListeners [90m(/home/fjmolina/spa-build/[39mnode_modules/[4mjsdom[24m/lib/jsdom/living/events/EventTarget-impl.js:350:25[90m)[39m {
  codeFrame: [32m'vi\x1B[33m.\x1B[39m\x1B[34mmock\x1B[39m(\x1B[35mimport\x1B[39m(\x1B[32m"@lm-tecnologias-interactivas-c/website-components"\x1B[39m)\x1B[33m,\x1B[39m \x1B[35masync\x1B[39m (importOriginal) \x1B[33m=>\x1B[39m {\n'[39m +
    [32m'  \x1B[35mconst\x1B[39m actual \x1B[33m=\x1B[39m \x1B[35mawait\x1B[39m \x1B[34mimportOriginal\x1B[39m()\n'[39m +
    [32m'  \x1B[35mreturn\x1B[39m {\n'[39m +
    [32m'    \x1B[33m...\x1B[39mactual\x1B[33m,\x1B[39m\n'[39m +
    [32m'    \x1B[90m// your mocked methods\x1B[39m\n'[39m +
    [32m'  }\n'[39m +
    [32m'})'[39m
}
The above error occurred in the <ErrorModal> component:

    at ErrorModal (/home/fjmolina/spa-build/src/components/ErrorModal/index.tsx:21:85)

Consider adding an error boundary to your tree to customize error handling behavior.
Visit https://reactjs.org/link/error-boundaries to learn more about error boundaries.

 ✓ src/test/components/SocialManager.passkey.test.tsx > SocialManager — Passkey option > hides the Passkey option when Keycloak is not offering the WebAuthn authenticator 19ms
 × src/test/components/ErrorModal.test.tsx > ErrorModal > Error Modal renders without crashing 131ms
   → [vitest] No "SuccessOrErrorComponent" export is defined on the "@lm-tecnologias-interactivas-c/website-components" mock. Did you forget to return it from "vi.mock"?
If you need to partially mock a module, you can use "importOriginal" helper inside:

 × src/test/components/ErrorModal.test.tsx > ErrorModal > Error controller displays default text and ErrorModal component when codeError doesnt exist 16ms
   → [vitest] No "SuccessOrErrorComponent" export is defined on the "@lm-tecnologias-interactivas-c/website-components" mock. Did you forget to return it from "vi.mock"?
If you need to partially mock a module, you can use "importOriginal" helper inside:

 × src/test/components/ErrorModal.test.tsx > ErrorModal > Api Call to language Catalog 33ms
   → [vitest] No "SuccessOrErrorComponent" export is defined on the "@lm-tecnologias-interactivas-c/website-components" mock. Did you forget to return it from "vi.mock"?
If you need to partially mock a module, you can use "importOriginal" helper inside:

 × src/test/components/ErrorModal.test.tsx > ErrorModal > Api Call to LoginTextsApi 25ms
   → [vitest] No "SuccessOrErrorComponent" export is defined on the "@lm-tecnologias-interactivas-c/website-components" mock. Did you forget to return it from "vi.mock"?
If you need to partially mock a module, you can use "importOriginal" helper inside:

stderr | src/test/components/LifemilesLoginForm.form.test.tsx > LifemilesLoginForm form behaviors > validates username for LM number, alphanumeric username, and email; and password enabling submit
Error: Uncaught [Error: [vitest] No "IconResolver" export is defined on the "@lm-tecnologias-interactivas-c/website-components" mock. Did you forget to return it from "vi.mock"?
If you need to partially mock a module, you can use "importOriginal" helper inside:
]
    at reportException (/home/fjmolina/spa-build/node_modules/jsdom/lib/jsdom/living/helpers/runtime-script-errors.js:66:24)
    at innerInvokeEventListeners (/home/fjmolina/spa-build/node_modules/jsdom/lib/jsdom/living/events/EventTarget-impl.js:353:9)
    at invokeEventListeners (/home/fjmolina/spa-build/node_modules/jsdom/lib/jsdom/living/events/EventTarget-impl.js:286:3)
    at HTMLUnknownElementImpl._dispatch (/home/fjmolina/spa-build/node_modules/jsdom/lib/jsdom/living/events/EventTarget-impl.js:233:9)
    at HTMLUnknownElementImpl.dispatchEvent (/home/fjmolina/spa-build/node_modules/jsdom/lib/jsdom/living/events/EventTarget-impl.js:104:17)
    at HTMLUnknownElement.dispatchEvent (/home/fjmolina/spa-build/node_modules/jsdom/lib/jsdom/living/generated/EventTarget.js:241:34)
    at Object.invokeGuardedCallbackDev (/home/fjmolina/spa-build/node_modules/react-dom/cjs/react-dom.development.js:4213:16)
    at invokeGuardedCallback (/home/fjmolina/spa-build/node_modules/react-dom/cjs/react-dom.development.js:4277:31)
    at beginWork$1 (/home/fjmolina/spa-build/node_modules/react-dom/cjs/react-dom.development.js:27490:7)
    at performUnitOfWork (/home/fjmolina/spa-build/node_modules/react-dom/cjs/react-dom.development.js:26599:12) Error: [vitest] No "IconResolver" export is defined on the "@lm-tecnologias-interactivas-c/website-components" mock. Did you forget to return it from "vi.mock"?
If you need to partially mock a module, you can use "importOriginal" helper inside:

    at VitestMocker.createError [90m(file:///home/fjmolina/spa-build/[39mnode_modules/[4mvitest[24m/dist/chunks/execute.BpmIjFTD.js:330:17[90m)[39m
    at Object.IconResolver [as get] [90m(file:///home/fjmolina/spa-build/[39mnode_modules/[4mvitest[24m/dist/chunks/execute.BpmIjFTD.js:386:16[90m)[39m
    at render [90m(/home/fjmolina/spa-build/[39msrc/components/Templates/LifemilesLoginForm/index.tsx:379:18[90m)[39m
    at LifemilesLoginForm [90m(/home/fjmolina/spa-build/[39msrc/components/Templates/LifemilesLoginForm/index.tsx:505:10[90m)[39m
    at renderWithHooks [90m(/home/fjmolina/spa-build/[39mnode_modules/[4mreact-dom[24m/cjs/react-dom.development.js:15486:18[90m)[39m
    at mountIndeterminateComponent [90m(/home/fjmolina/spa-build/[39mnode_modules/[4mreact-dom[24m/cjs/react-dom.development.js:20103:13[90m)[39m
    at beginWork [90m(/home/fjmolina/spa-build/[39mnode_modules/[4mreact-dom[24m/cjs/react-dom.development.js:21626:16[90m)[39m
    at HTMLUnknownElement.callCallback [90m(/home/fjmolina/spa-build/[39mnode_modules/[4mreact-dom[24m/cjs/react-dom.development.js:4164:14[90m)[39m
    at HTMLUnknownElement.callTheUserObjectsOperation [90m(/home/fjmolina/spa-build/[39mnode_modules/[4mjsdom[24m/lib/jsdom/living/generated/EventListener.js:26:30[90m)[39m
    at innerInvokeEventListeners [90m(/home/fjmolina/spa-build/[39mnode_modules/[4mjsdom[24m/lib/jsdom/living/events/EventTarget-impl.js:350:25[90m)[39m {
  codeFrame: [32m'vi\x1B[33m.\x1B[39m\x1B[34mmock\x1B[39m(\x1B[35mimport\x1B[39m(\x1B[32m"@lm-tecnologias-interactivas-c/website-components"\x1B[39m)\x1B[33m,\x1B[39m \x1B[35masync\x1B[39m (importOriginal) \x1B[33m=>\x1B[39m {\n'[39m +
    [32m'  \x1B[35mconst\x1B[39m actual \x1B[33m=\x1B[39m \x1B[35mawait\x1B[39m \x1B[34mimportOriginal\x1B[39m()\n'[39m +
    [32m'  \x1B[35mreturn\x1B[39m {\n'[39m +
    [32m'    \x1B[33m...\x1B[39mactual\x1B[33m,\x1B[39m\n'[39m +
    [32m'    \x1B[90m// your mocked methods\x1B[39m\n'[39m +
    [32m'  }\n'[39m +
    [32m'})'[39m
}
Error: Uncaught [Error: [vitest] No "IconResolver" export is defined on the "@lm-tecnologias-interactivas-c/website-components" mock. Did you forget to return it from "vi.mock"?
If you need to partially mock a module, you can use "importOriginal" helper inside:
]
    at reportException (/home/fjmolina/spa-build/node_modules/jsdom/lib/jsdom/living/helpers/runtime-script-errors.js:66:24)
    at innerInvokeEventListeners (/home/fjmolina/spa-build/node_modules/jsdom/lib/jsdom/living/events/EventTarget-impl.js:353:9)
    at invokeEventListeners (/home/fjmolina/spa-build/node_modules/jsdom/lib/jsdom/living/events/EventTarget-impl.js:286:3)
    at HTMLUnknownElementImpl._dispatch (/home/fjmolina/spa-build/node_modules/jsdom/lib/jsdom/living/events/EventTarget-impl.js:233:9)
    at HTMLUnknownElementImpl.dispatchEvent (/home/fjmolina/spa-build/node_modules/jsdom/lib/jsdom/living/events/EventTarget-impl.js:104:17)
    at HTMLUnknownElement.dispatchEvent (/home/fjmolina/spa-build/node_modules/jsdom/lib/jsdom/living/generated/EventTarget.js:241:34)
    at Object.invokeGuardedCallbackDev (/home/fjmolina/spa-build/node_modules/react-dom/cjs/react-dom.development.js:4213:16)
    at invokeGuardedCallback (/home/fjmolina/spa-build/node_modules/react-dom/cjs/react-dom.development.js:4277:31)
    at beginWork$1 (/home/fjmolina/spa-build/node_modules/react-dom/cjs/react-dom.development.js:27490:7)
    at performUnitOfWork (/home/fjmolina/spa-build/node_modules/react-dom/cjs/react-dom.development.js:26599:12) Error: [vitest] No "IconResolver" export is defined on the "@lm-tecnologias-interactivas-c/website-components" mock. Did you forget to return it from "vi.mock"?
If you need to partially mock a module, you can use "importOriginal" helper inside:

    at VitestMocker.createError [90m(file:///home/fjmolina/spa-build/[39mnode_modules/[4mvitest[24m/dist/chunks/execute.BpmIjFTD.js:330:17[90m)[39m
    at Object.IconResolver [as get] [90m(file:///home/fjmolina/spa-build/[39mnode_modules/[4mvitest[24m/dist/chunks/execute.BpmIjFTD.js:386:16[90m)[39m
    at render [90m(/home/fjmolina/spa-build/[39msrc/components/Templates/LifemilesLoginForm/index.tsx:379:18[90m)[39m
    at LifemilesLoginForm [90m(/home/fjmolina/spa-build/[39msrc/components/Templates/LifemilesLoginForm/index.tsx:505:10[90m)[39m
    at renderWithHooks [90m(/home/fjmolina/spa-build/[39mnode_modules/[4mreact-dom[24m/cjs/react-dom.development.js:15486:18[90m)[39m
    at mountIndeterminateComponent [90m(/home/fjmolina/spa-build/[39mnode_modules/[4mreact-dom[24m/cjs/react-dom.development.js:20103:13[90m)[39m
    at beginWork [90m(/home/fjmolina/spa-build/[39mnode_modules/[4mreact-dom[24m/cjs/react-dom.development.js:21626:16[90m)[39m
    at HTMLUnknownElement.callCallback [90m(/home/fjmolina/spa-build/[39mnode_modules/[4mreact-dom[24m/cjs/react-dom.development.js:4164:14[90m)[39m
    at HTMLUnknownElement.callTheUserObjectsOperation [90m(/home/fjmolina/spa-build/[39mnode_modules/[4mjsdom[24m/lib/jsdom/living/generated/EventListener.js:26:30[90m)[39m
    at innerInvokeEventListeners [90m(/home/fjmolina/spa-build/[39mnode_modules/[4mjsdom[24m/lib/jsdom/living/events/EventTarget-impl.js:350:25[90m)[39m {
  codeFrame: [32m'vi\x1B[33m.\x1B[39m\x1B[34mmock\x1B[39m(\x1B[35mimport\x1B[39m(\x1B[32m"@lm-tecnologias-interactivas-c/website-components"\x1B[39m)\x1B[33m,\x1B[39m \x1B[35masync\x1B[39m (importOriginal) \x1B[33m=>\x1B[39m {\n'[39m +
    [32m'  \x1B[35mconst\x1B[39m actual \x1B[33m=\x1B[39m \x1B[35mawait\x1B[39m \x1B[34mimportOriginal\x1B[39m()\n'[39m +
    [32m'  \x1B[35mreturn\x1B[39m {\n'[39m +
    [32m'    \x1B[33m...\x1B[39mactual\x1B[33m,\x1B[39m\n'[39m +
    [32m'    \x1B[90m// your mocked methods\x1B[39m\n'[39m +
    [32m'  }\n'[39m +
    [32m'})'[39m
}
The above error occurred in the <LifemilesLoginForm> component:

    at LifemilesLoginForm (/home/fjmolina/spa-build/src/components/Templates/LifemilesLoginForm/index.tsx:32:73)

Consider adding an error boundary to your tree to customize error handling behavior.
Visit https://reactjs.org/link/error-boundaries to learn more about error boundaries.

stderr | src/test/components/LifemilesLoginForm.form.test.tsx > LifemilesLoginForm form behaviors > prefills username from ftnum cookie and marks it valid
Error: Uncaught [Error: [vitest] No "IconResolver" export is defined on the "@lm-tecnologias-interactivas-c/website-components" mock. Did you forget to return it from "vi.mock"?
If you need to partially mock a module, you can use "importOriginal" helper inside:
]
    at reportException (/home/fjmolina/spa-build/node_modules/jsdom/lib/jsdom/living/helpers/runtime-script-errors.js:66:24)
    at innerInvokeEventListeners (/home/fjmolina/spa-build/node_modules/jsdom/lib/jsdom/living/events/EventTarget-impl.js:353:9)
    at invokeEventListeners (/home/fjmolina/spa-build/node_modules/jsdom/lib/jsdom/living/events/EventTarget-impl.js:286:3)
    at HTMLUnknownElementImpl._dispatch (/home/fjmolina/spa-build/node_modules/jsdom/lib/jsdom/living/events/EventTarget-impl.js:233:9)
    at HTMLUnknownElementImpl.dispatchEvent (/home/fjmolina/spa-build/node_modules/jsdom/lib/jsdom/living/events/EventTarget-impl.js:104:17)
    at HTMLUnknownElement.dispatchEvent (/home/fjmolina/spa-build/node_modules/jsdom/lib/jsdom/living/generated/EventTarget.js:241:34)
    at Object.invokeGuardedCallbackDev (/home/fjmolina/spa-build/node_modules/react-dom/cjs/react-dom.development.js:4213:16)
    at invokeGuardedCallback (/home/fjmolina/spa-build/node_modules/react-dom/cjs/react-dom.development.js:4277:31)
    at beginWork$1 (/home/fjmolina/spa-build/node_modules/react-dom/cjs/react-dom.development.js:27490:7)
    at performUnitOfWork (/home/fjmolina/spa-build/node_modules/react-dom/cjs/react-dom.development.js:26599:12) Error: [vitest] No "IconResolver" export is defined on the "@lm-tecnologias-interactivas-c/website-components" mock. Did you forget to return it from "vi.mock"?
If you need to partially mock a module, you can use "importOriginal" helper inside:

    at VitestMocker.createError [90m(file:///home/fjmolina/spa-build/[39mnode_modules/[4mvitest[24m/dist/chunks/execute.BpmIjFTD.js:330:17[90m)[39m
    at Object.IconResolver [as get] [90m(file:///home/fjmolina/spa-build/[39mnode_modules/[4mvitest[24m/dist/chunks/execute.BpmIjFTD.js:386:16[90m)[39m
    at render [90m(/home/fjmolina/spa-build/[39msrc/components/Templates/LifemilesLoginForm/index.tsx:379:18[90m)[39m
    at LifemilesLoginForm [90m(/home/fjmolina/spa-build/[39msrc/components/Templates/LifemilesLoginForm/index.tsx:505:10[90m)[39m
    at renderWithHooks [90m(/home/fjmolina/spa-build/[39mnode_modules/[4mreact-dom[24m/cjs/react-dom.development.js:15486:18[90m)[39m
    at mountIndeterminateComponent [90m(/home/fjmolina/spa-build/[39mnode_modules/[4mreact-dom[24m/cjs/react-dom.development.js:20103:13[90m)[39m
    at beginWork [90m(/home/fjmolina/spa-build/[39mnode_modules/[4mreact-dom[24m/cjs/react-dom.development.js:21626:16[90m)[39m
    at HTMLUnknownElement.callCallback [90m(/home/fjmolina/spa-build/[39mnode_modules/[4mreact-dom[24m/cjs/react-dom.development.js:4164:14[90m)[39m
    at HTMLUnknownElement.callTheUserObjectsOperation [90m(/home/fjmolina/spa-build/[39mnode_modules/[4mjsdom[24m/lib/jsdom/living/generated/EventListener.js:26:30[90m)[39m
    at innerInvokeEventListeners [90m(/home/fjmolina/spa-build/[39mnode_modules/[4mjsdom[24m/lib/jsdom/living/events/EventTarget-impl.js:350:25[90m)[39m {
  codeFrame: [32m'vi\x1B[33m.\x1B[39m\x1B[34mmock\x1B[39m(\x1B[35mimport\x1B[39m(\x1B[32m"@lm-tecnologias-interactivas-c/website-components"\x1B[39m)\x1B[33m,\x1B[39m \x1B[35masync\x1B[39m (importOriginal) \x1B[33m=>\x1B[39m {\n'[39m +
    [32m'  \x1B[35mconst\x1B[39m actual \x1B[33m=\x1B[39m \x1B[35mawait\x1B[39m \x1B[34mimportOriginal\x1B[39m()\n'[39m +
    [32m'  \x1B[35mreturn\x1B[39m {\n'[39m +
    [32m'    \x1B[33m...\x1B[39mactual\x1B[33m,\x1B[39m\n'[39m +
    [32m'    \x1B[90m// your mocked methods\x1B[39m\n'[39m +
    [32m'  }\n'[39m +
    [32m'})'[39m
}
Error: Uncaught [Error: [vitest] No "IconResolver" export is defined on the "@lm-tecnologias-interactivas-c/website-components" mock. Did you forget to return it from "vi.mock"?
If you need to partially mock a module, you can use "importOriginal" helper inside:
]
    at reportException (/home/fjmolina/spa-build/node_modules/jsdom/lib/jsdom/living/helpers/runtime-script-errors.js:66:24)
    at innerInvokeEventListeners (/home/fjmolina/spa-build/node_modules/jsdom/lib/jsdom/living/events/EventTarget-impl.js:353:9)
    at invokeEventListeners (/home/fjmolina/spa-build/node_modules/jsdom/lib/jsdom/living/events/EventTarget-impl.js:286:3)
    at HTMLUnknownElementImpl._dispatch (/home/fjmolina/spa-build/node_modules/jsdom/lib/jsdom/living/events/EventTarget-impl.js:233:9)
    at HTMLUnknownElementImpl.dispatchEvent (/home/fjmolina/spa-build/node_modules/jsdom/lib/jsdom/living/events/EventTarget-impl.js:104:17)
    at HTMLUnknownElement.dispatchEvent (/home/fjmolina/spa-build/node_modules/jsdom/lib/jsdom/living/generated/EventTarget.js:241:34)
    at Object.invokeGuardedCallbackDev (/home/fjmolina/spa-build/node_modules/react-dom/cjs/react-dom.development.js:4213:16)
    at invokeGuardedCallback (/home/fjmolina/spa-build/node_modules/react-dom/cjs/react-dom.development.js:4277:31)
    at beginWork$1 (/home/fjmolina/spa-build/node_modules/react-dom/cjs/react-dom.development.js:27490:7)
    at performUnitOfWork (/home/fjmolina/spa-build/node_modules/react-dom/cjs/react-dom.development.js:26599:12) Error: [vitest] No "IconResolver" export is defined on the "@lm-tecnologias-interactivas-c/website-components" mock. Did you forget to return it from "vi.mock"?
If you need to partially mock a module, you can use "importOriginal" helper inside:

    at VitestMocker.createError [90m(file:///home/fjmolina/spa-build/[39mnode_modules/[4mvitest[24m/dist/chunks/execute.BpmIjFTD.js:330:17[90m)[39m
    at Object.IconResolver [as get] [90m(file:///home/fjmolina/spa-build/[39mnode_modules/[4mvitest[24m/dist/chunks/execute.BpmIjFTD.js:386:16[90m)[39m
    at render [90m(/home/fjmolina/spa-build/[39msrc/components/Templates/LifemilesLoginForm/index.tsx:379:18[90m)[39m
    at LifemilesLoginForm [90m(/home/fjmolina/spa-build/[39msrc/components/Templates/LifemilesLoginForm/index.tsx:505:10[90m)[39m
    at renderWithHooks [90m(/home/fjmolina/spa-build/[39mnode_modules/[4mreact-dom[24m/cjs/react-dom.development.js:15486:18[90m)[39m
    at mountIndeterminateComponent [90m(/home/fjmolina/spa-build/[39mnode_modules/[4mreact-dom[24m/cjs/react-dom.development.js:20103:13[90m)[39m
    at beginWork [90m(/home/fjmolina/spa-build/[39mnode_modules/[4mreact-dom[24m/cjs/react-dom.development.js:21626:16[90m)[39m
    at HTMLUnknownElement.callCallback [90m(/home/fjmolina/spa-build/[39mnode_modules/[4mreact-dom[24m/cjs/react-dom.development.js:4164:14[90m)[39m
    at HTMLUnknownElement.callTheUserObjectsOperation [90m(/home/fjmolina/spa-build/[39mnode_modules/[4mjsdom[24m/lib/jsdom/living/generated/EventListener.js:26:30[90m)[39m
    at innerInvokeEventListeners [90m(/home/fjmolina/spa-build/[39mnode_modules/[4mjsdom[24m/lib/jsdom/living/events/EventTarget-impl.js:350:25[90m)[39m {
  codeFrame: [32m'vi\x1B[33m.\x1B[39m\x1B[34mmock\x1B[39m(\x1B[35mimport\x1B[39m(\x1B[32m"@lm-tecnologias-interactivas-c/website-components"\x1B[39m)\x1B[33m,\x1B[39m \x1B[35masync\x1B[39m (importOriginal) \x1B[33m=>\x1B[39m {\n'[39m +
    [32m'  \x1B[35mconst\x1B[39m actual \x1B[33m=\x1B[39m \x1B[35mawait\x1B[39m \x1B[34mimportOriginal\x1B[39m()\n'[39m +
    [32m'  \x1B[35mreturn\x1B[39m {\n'[39m +
    [32m'    \x1B[33m...\x1B[39mactual\x1B[33m,\x1B[39m\n'[39m +
    [32m'    \x1B[90m// your mocked methods\x1B[39m\n'[39m +
    [32m'  }\n'[39m +
    [32m'})'[39m
}
The above error occurred in the <LifemilesLoginForm> component:

    at LifemilesLoginForm (/home/fjmolina/spa-build/src/components/Templates/LifemilesLoginForm/index.tsx:32:73)

Consider adding an error boundary to your tree to customize error handling behavior.
Visit https://reactjs.org/link/error-boundaries to learn more about error boundaries.

stderr | src/test/components/LifemilesLoginForm.form.test.tsx > LifemilesLoginForm form behaviors > redirects to enrollment URL when clicking Register here for free
Error: Uncaught [Error: [vitest] No "IconResolver" export is defined on the "@lm-tecnologias-interactivas-c/website-components" mock. Did you forget to return it from "vi.mock"?
If you need to partially mock a module, you can use "importOriginal" helper inside:
]
    at reportException (/home/fjmolina/spa-build/node_modules/jsdom/lib/jsdom/living/helpers/runtime-script-errors.js:66:24)
    at innerInvokeEventListeners (/home/fjmolina/spa-build/node_modules/jsdom/lib/jsdom/living/events/EventTarget-impl.js:353:9)
    at invokeEventListeners (/home/fjmolina/spa-build/node_modules/jsdom/lib/jsdom/living/events/EventTarget-impl.js:286:3)
    at HTMLUnknownElementImpl._dispatch (/home/fjmolina/spa-build/node_modules/jsdom/lib/jsdom/living/events/EventTarget-impl.js:233:9)
    at HTMLUnknownElementImpl.dispatchEvent (/home/fjmolina/spa-build/node_modules/jsdom/lib/jsdom/living/events/EventTarget-impl.js:104:17)
    at HTMLUnknownElement.dispatchEvent (/home/fjmolina/spa-build/node_modules/jsdom/lib/jsdom/living/generated/EventTarget.js:241:34)
    at Object.invokeGuardedCallbackDev (/home/fjmolina/spa-build/node_modules/react-dom/cjs/react-dom.development.js:4213:16)
    at invokeGuardedCallback (/home/fjmolina/spa-build/node_modules/react-dom/cjs/react-dom.development.js:4277:31)
    at beginWork$1 (/home/fjmolina/spa-build/node_modules/react-dom/cjs/react-dom.development.js:27490:7)
    at performUnitOfWork (/home/fjmolina/spa-build/node_modules/react-dom/cjs/react-dom.development.js:26599:12) Error: [vitest] No "IconResolver" export is defined on the "@lm-tecnologias-interactivas-c/website-components" mock. Did you forget to return it from "vi.mock"?
If you need to partially mock a module, you can use "importOriginal" helper inside:

    at VitestMocker.createError [90m(file:///home/fjmolina/spa-build/[39mnode_modules/[4mvitest[24m/dist/chunks/execute.BpmIjFTD.js:330:17[90m)[39m
    at Object.IconResolver [as get] [90m(file:///home/fjmolina/spa-build/[39mnode_modules/[4mvitest[24m/dist/chunks/execute.BpmIjFTD.js:386:16[90m)[39m
    at render [90m(/home/fjmolina/spa-build/[39msrc/components/Templates/LifemilesLoginForm/index.tsx:379:18[90m)[39m
    at LifemilesLoginForm [90m(/home/fjmolina/spa-build/[39msrc/components/Templates/LifemilesLoginForm/index.tsx:505:10[90m)[39m
    at renderWithHooks [90m(/home/fjmolina/spa-build/[39mnode_modules/[4mreact-dom[24m/cjs/react-dom.development.js:15486:18[90m)[39m
    at mountIndeterminateComponent [90m(/home/fjmolina/spa-build/[39mnode_modules/[4mreact-dom[24m/cjs/react-dom.development.js:20103:13[90m)[39m
    at beginWork [90m(/home/fjmolina/spa-build/[39mnode_modules/[4mreact-dom[24m/cjs/react-dom.development.js:21626:16[90m)[39m
    at HTMLUnknownElement.callCallback [90m(/home/fjmolina/spa-build/[39mnode_modules/[4mreact-dom[24m/cjs/react-dom.development.js:4164:14[90m)[39m
    at HTMLUnknownElement.callTheUserObjectsOperation [90m(/home/fjmolina/spa-build/[39mnode_modules/[4mjsdom[24m/lib/jsdom/living/generated/EventListener.js:26:30[90m)[39m
    at innerInvokeEventListeners [90m(/home/fjmolina/spa-build/[39mnode_modules/[4mjsdom[24m/lib/jsdom/living/events/EventTarget-impl.js:350:25[90m)[39m {
  codeFrame: [32m'vi\x1B[33m.\x1B[39m\x1B[34mmock\x1B[39m(\x1B[35mimport\x1B[39m(\x1B[32m"@lm-tecnologias-interactivas-c/website-components"\x1B[39m)\x1B[33m,\x1B[39m \x1B[35masync\x1B[39m (importOriginal) \x1B[33m=>\x1B[39m {\n'[39m +
    [32m'  \x1B[35mconst\x1B[39m actual \x1B[33m=\x1B[39m \x1B[35mawait\x1B[39m \x1B[34mimportOriginal\x1B[39m()\n'[39m +
    [32m'  \x1B[35mreturn\x1B[39m {\n'[39m +
    [32m'    \x1B[33m...\x1B[39mactual\x1B[33m,\x1B[39m\n'[39m +
    [32m'    \x1B[90m// your mocked methods\x1B[39m\n'[39m +
    [32m'  }\n'[39m +
    [32m'})'[39m
}
Error: Uncaught [Error: [vitest] No "IconResolver" export is defined on the "@lm-tecnologias-interactivas-c/website-components" mock. Did you forget to return it from "vi.mock"?
If you need to partially mock a module, you can use "importOriginal" helper inside:
]
    at reportException (/home/fjmolina/spa-build/node_modules/jsdom/lib/jsdom/living/helpers/runtime-script-errors.js:66:24)
    at innerInvokeEventListeners (/home/fjmolina/spa-build/node_modules/jsdom/lib/jsdom/living/events/EventTarget-impl.js:353:9)
    at invokeEventListeners (/home/fjmolina/spa-build/node_modules/jsdom/lib/jsdom/living/events/EventTarget-impl.js:286:3)
    at HTMLUnknownElementImpl._dispatch (/home/fjmolina/spa-build/node_modules/jsdom/lib/jsdom/living/events/EventTarget-impl.js:233:9)
    at HTMLUnknownElementImpl.dispatchEvent (/home/fjmolina/spa-build/node_modules/jsdom/lib/jsdom/living/events/EventTarget-impl.js:104:17)
    at HTMLUnknownElement.dispatchEvent (/home/fjmolina/spa-build/node_modules/jsdom/lib/jsdom/living/generated/EventTarget.js:241:34)
    at Object.invokeGuardedCallbackDev (/home/fjmolina/spa-build/node_modules/react-dom/cjs/react-dom.development.js:4213:16)
    at invokeGuardedCallback (/home/fjmolina/spa-build/node_modules/react-dom/cjs/react-dom.development.js:4277:31)
    at beginWork$1 (/home/fjmolina/spa-build/node_modules/react-dom/cjs/react-dom.development.js:27490:7)
    at performUnitOfWork (/home/fjmolina/spa-build/node_modules/react-dom/cjs/react-dom.development.js:26599:12) Error: [vitest] No "IconResolver" export is defined on the "@lm-tecnologias-interactivas-c/website-components" mock. Did you forget to return it from "vi.mock"?
If you need to partially mock a module, you can use "importOriginal" helper inside:

    at VitestMocker.createError [90m(file:///home/fjmolina/spa-build/[39mnode_modules/[4mvitest[24m/dist/chunks/execute.BpmIjFTD.js:330:17[90m)[39m
    at Object.IconResolver [as get] [90m(file:///home/fjmolina/spa-build/[39mnode_modules/[4mvitest[24m/dist/chunks/execute.BpmIjFTD.js:386:16[90m)[39m
    at render [90m(/home/fjmolina/spa-build/[39msrc/components/Templates/LifemilesLoginForm/index.tsx:379:18[90m)[39m
    at LifemilesLoginForm [90m(/home/fjmolina/spa-build/[39msrc/components/Templates/LifemilesLoginForm/index.tsx:505:10[90m)[39m
    at renderWithHooks [90m(/home/fjmolina/spa-build/[39mnode_modules/[4mreact-dom[24m/cjs/react-dom.development.js:15486:18[90m)[39m
    at mountIndeterminateComponent [90m(/home/fjmolina/spa-build/[39mnode_modules/[4mreact-dom[24m/cjs/react-dom.development.js:20103:13[90m)[39m
    at beginWork [90m(/home/fjmolina/spa-build/[39mnode_modules/[4mreact-dom[24m/cjs/react-dom.development.js:21626:16[90m)[39m
    at HTMLUnknownElement.callCallback [90m(/home/fjmolina/spa-build/[39mnode_modules/[4mreact-dom[24m/cjs/react-dom.development.js:4164:14[90m)[39m
    at HTMLUnknownElement.callTheUserObjectsOperation [90m(/home/fjmolina/spa-build/[39mnode_modules/[4mjsdom[24m/lib/jsdom/living/generated/EventListener.js:26:30[90m)[39m
    at innerInvokeEventListeners [90m(/home/fjmolina/spa-build/[39mnode_modules/[4mjsdom[24m/lib/jsdom/living/events/EventTarget-impl.js:350:25[90m)[39m {
  codeFrame: [32m'vi\x1B[33m.\x1B[39m\x1B[34mmock\x1B[39m(\x1B[35mimport\x1B[39m(\x1B[32m"@lm-tecnologias-interactivas-c/website-components"\x1B[39m)\x1B[33m,\x1B[39m \x1B[35masync\x1B[39m (importOriginal) \x1B[33m=>\x1B[39m {\n'[39m +
    [32m'  \x1B[35mconst\x1B[39m actual \x1B[33m=\x1B[39m \x1B[35mawait\x1B[39m \x1B[34mimportOriginal\x1B[39m()\n'[39m +
    [32m'  \x1B[35mreturn\x1B[39m {\n'[39m +
    [32m'    \x1B[33m...\x1B[39mactual\x1B[33m,\x1B[39m\n'[39m +
    [32m'    \x1B[90m// your mocked methods\x1B[39m\n'[39m +
    [32m'  }\n'[39m +
    [32m'})'[39m
}
The above error occurred in the <LifemilesLoginForm> component:

    at LifemilesLoginForm (/home/fjmolina/spa-build/src/components/Templates/LifemilesLoginForm/index.tsx:32:73)

Consider adding an error boundary to your tree to customize error handling behavior.
Visit https://reactjs.org/link/error-boundaries to learn more about error boundaries.

 ✓ src/test/components/SocialManager.passkey.test.tsx > SocialManager — Passkey option > posts the WebAuthn execution id to the flow action url when selected 669ms
stderr | src/test/components/IntelsatLoginForm.form.test.tsx > IntelsatLoginForm form behaviors > validates username (LM number, alphanumeric, email) and enables submit when password valid
Warning: React does not recognize the `buttonStyles` prop on a DOM element. If you intentionally want it to appear in the DOM as a custom attribute, spell it as lowercase `buttonstyles` instead. If you accidentally passed it from a parent component, remove it from the DOM element.
    at button
    at Button (/home/fjmolina/spa-build/src/test/components/IntelsatLoginForm.form.test.tsx:34:20)
    at div
    at form
    at IntelsatLoginForm (/home/fjmolina/spa-build/src/components/Templates/IntelsatLoginForm/index.tsx:32:73)
Warning: React does not recognize the `wrapperClasses` prop on a DOM element. If you intentionally want it to appear in the DOM as a custom attribute, spell it as lowercase `wrapperclasses` instead. If you accidentally passed it from a parent component, remove it from the DOM element.
    at button
    at Button (/home/fjmolina/spa-build/src/test/components/IntelsatLoginForm.form.test.tsx:34:20)
    at div
    at form
    at IntelsatLoginForm (/home/fjmolina/spa-build/src/components/Templates/IntelsatLoginForm/index.tsx:32:73)
Warning: React does not recognize the `handleClick` prop on a DOM element. If you intentionally want it to appear in the DOM as a custom attribute, spell it as lowercase `handleclick` instead. If you accidentally passed it from a parent component, remove it from the DOM element.
    at button
    at Button (/home/fjmolina/spa-build/src/test/components/IntelsatLoginForm.form.test.tsx:34:20)
    at div
    at form
    at IntelsatLoginForm (/home/fjmolina/spa-build/src/components/Templates/IntelsatLoginForm/index.tsx:32:73)
Error: Uncaught [Error: [vitest] No "getFlag" export is defined on the "@lm-tecnologias-interactivas-u/website-utils" mock. Did you forget to return it from "vi.mock"?
If you need to partially mock a module, you can use "importOriginal" helper inside:
]
    at reportException (/home/fjmolina/spa-build/node_modules/jsdom/lib/jsdom/living/helpers/runtime-script-errors.js:66:24)
    at innerInvokeEventListeners (/home/fjmolina/spa-build/node_modules/jsdom/lib/jsdom/living/events/EventTarget-impl.js:353:9)
    at invokeEventListeners (/home/fjmolina/spa-build/node_modules/jsdom/lib/jsdom/living/events/EventTarget-impl.js:286:3)
    at HTMLUnknownElementImpl._dispatch (/home/fjmolina/spa-build/node_modules/jsdom/lib/jsdom/living/events/EventTarget-impl.js:233:9)
    at HTMLUnknownElementImpl.dispatchEvent (/home/fjmolina/spa-build/node_modules/jsdom/lib/jsdom/living/events/EventTarget-impl.js:104:17)
    at HTMLUnknownElement.dispatchEvent (/home/fjmolina/spa-build/node_modules/jsdom/lib/jsdom/living/generated/EventTarget.js:241:34)
    at Object.invokeGuardedCallbackDev (/home/fjmolina/spa-build/node_modules/react-dom/cjs/react-dom.development.js:4213:16)
    at invokeGuardedCallback (/home/fjmolina/spa-build/node_modules/react-dom/cjs/react-dom.development.js:4277:31)
    at reportUncaughtErrorInDEV (/home/fjmolina/spa-build/node_modules/react-dom/cjs/react-dom.development.js:22877:5)
    at captureCommitPhaseError (/home/fjmolina/spa-build/node_modules/react-dom/cjs/react-dom.development.js:27165:5) Error: [vitest] No "getFlag" export is defined on the "@lm-tecnologias-interactivas-u/website-utils" mock. Did you forget to return it from "vi.mock"?
If you need to partially mock a module, you can use "importOriginal" helper inside:

    at VitestMocker.createError [90m(file:///home/fjmolina/spa-build/[39mnode_modules/[4mvitest[24m/dist/chunks/execute.BpmIjFTD.js:330:17[90m)[39m
    at Object.getFlag [as get] [90m(file:///home/fjmolina/spa-build/[39mnode_modules/[4mvitest[24m/dist/chunks/execute.BpmIjFTD.js:386:16[90m)[39m
    at [90m/home/fjmolina/spa-build/[39msrc/components/Templates/IntelsatLoginForm/index.tsx:120:26
    at commitHookEffectListMount [90m(/home/fjmolina/spa-build/[39mnode_modules/[4mreact-dom[24m/cjs/react-dom.development.js:23189:26[90m)[39m
    at commitPassiveMountOnFiber [90m(/home/fjmolina/spa-build/[39mnode_modules/[4mreact-dom[24m/cjs/react-dom.development.js:24970:11[90m)[39m
    at commitPassiveMountEffects_complete [90m(/home/fjmolina/spa-build/[39mnode_modules/[4mreact-dom[24m/cjs/react-dom.development.js:24930:9[90m)[39m
    at commitPassiveMountEffects_begin [90m(/home/fjmolina/spa-build/[39mnode_modules/[4mreact-dom[24m/cjs/react-dom.development.js:24917:7[90m)[39m
    at commitPassiveMountEffects [90m(/home/fjmolina/spa-build/[39mnode_modules/[4mreact-dom[24m/cjs/react-dom.development.js:24905:3[90m)[39m
    at flushPassiveEffectsImpl [90m(/home/fjmolina/spa-build/[39mnode_modules/[4mreact-dom[24m/cjs/react-dom.development.js:27078:3[90m)[39m
    at flushPassiveEffects [90m(/home/fjmolina/spa-build/[39mnode_modules/[4mreact-dom[24m/cjs/react-dom.development.js:27023:14[90m)[39m {
  codeFrame: [32m'vi\x1B[33m.\x1B[39m\x1B[34mmock\x1B[39m(\x1B[35mimport\x1B[39m(\x1B[32m"@lm-tecnologias-interactivas-u/website-utils"\x1B[39m)\x1B[33m,\x1B[39m \x1B[35masync\x1B[39m (importOriginal) \x1B[33m=>\x1B[39m {\n'[39m +
    [32m'  \x1B[35mconst\x1B[39m actual \x1B[33m=\x1B[39m \x1B[35mawait\x1B[39m \x1B[34mimportOriginal\x1B[39m()\n'[39m +
    [32m'  \x1B[35mreturn\x1B[39m {\n'[39m +
    [32m'    \x1B[33m...\x1B[39mactual\x1B[33m,\x1B[39m\n'[39m +
    [32m'    \x1B[90m// your mocked methods\x1B[39m\n'[39m +
    [32m'  }\n'[39m +
    [32m'})'[39m
}
The above error occurred in the <IntelsatLoginForm> component:

    at IntelsatLoginForm (/home/fjmolina/spa-build/src/components/Templates/IntelsatLoginForm/index.tsx:32:73)

Consider adding an error boundary to your tree to customize error handling behavior.
Visit https://reactjs.org/link/error-boundaries to learn more about error boundaries.

stderr | src/test/components/IntelsatLoginForm.form.test.tsx > IntelsatLoginForm form behaviors > prefills username from ftnum cookie and treats it as valid
Error: Uncaught [Error: [vitest] No "getFlag" export is defined on the "@lm-tecnologias-interactivas-u/website-utils" mock. Did you forget to return it from "vi.mock"?
If you need to partially mock a module, you can use "importOriginal" helper inside:
]
    at reportException (/home/fjmolina/spa-build/node_modules/jsdom/lib/jsdom/living/helpers/runtime-script-errors.js:66:24)
    at innerInvokeEventListeners (/home/fjmolina/spa-build/node_modules/jsdom/lib/jsdom/living/events/EventTarget-impl.js:353:9)
    at invokeEventListeners (/home/fjmolina/spa-build/node_modules/jsdom/lib/jsdom/living/events/EventTarget-impl.js:286:3)
    at HTMLUnknownElementImpl._dispatch (/home/fjmolina/spa-build/node_modules/jsdom/lib/jsdom/living/events/EventTarget-impl.js:233:9)
    at HTMLUnknownElementImpl.dispatchEvent (/home/fjmolina/spa-build/node_modules/jsdom/lib/jsdom/living/events/EventTarget-impl.js:104:17)
    at HTMLUnknownElement.dispatchEvent (/home/fjmolina/spa-build/node_modules/jsdom/lib/jsdom/living/generated/EventTarget.js:241:34)
    at Object.invokeGuardedCallbackDev (/home/fjmolina/spa-build/node_modules/react-dom/cjs/react-dom.development.js:4213:16)
    at invokeGuardedCallback (/home/fjmolina/spa-build/node_modules/react-dom/cjs/react-dom.development.js:4277:31)
    at reportUncaughtErrorInDEV (/home/fjmolina/spa-build/node_modules/react-dom/cjs/react-dom.development.js:22877:5)
    at captureCommitPhaseError (/home/fjmolina/spa-build/node_modules/react-dom/cjs/react-dom.development.js:27165:5) Error: [vitest] No "getFlag" export is defined on the "@lm-tecnologias-interactivas-u/website-utils" mock. Did you forget to return it from "vi.mock"?
If you need to partially mock a module, you can use "importOriginal" helper inside:

    at VitestMocker.createError [90m(file:///home/fjmolina/spa-build/[39mnode_modules/[4mvitest[24m/dist/chunks/execute.BpmIjFTD.js:330:17[90m)[39m
    at Object.getFlag [as get] [90m(file:///home/fjmolina/spa-build/[39mnode_modules/[4mvitest[24m/dist/chunks/execute.BpmIjFTD.js:386:16[90m)[39m
    at [90m/home/fjmolina/spa-build/[39msrc/components/Templates/IntelsatLoginForm/index.tsx:120:26
    at commitHookEffectListMount [90m(/home/fjmolina/spa-build/[39mnode_modules/[4mreact-dom[24m/cjs/react-dom.development.js:23189:26[90m)[39m
    at commitPassiveMountOnFiber [90m(/home/fjmolina/spa-build/[39mnode_modules/[4mreact-dom[24m/cjs/react-dom.development.js:24970:11[90m)[39m
    at commitPassiveMountEffects_complete [90m(/home/fjmolina/spa-build/[39mnode_modules/[4mreact-dom[24m/cjs/react-dom.development.js:24930:9[90m)[39m
    at commitPassiveMountEffects_begin [90m(/home/fjmolina/spa-build/[39mnode_modules/[4mreact-dom[24m/cjs/react-dom.development.js:24917:7[90m)[39m
    at commitPassiveMountEffects [90m(/home/fjmolina/spa-build/[39mnode_modules/[4mreact-dom[24m/cjs/react-dom.development.js:24905:3[90m)[39m
    at flushPassiveEffectsImpl [90m(/home/fjmolina/spa-build/[39mnode_modules/[4mreact-dom[24m/cjs/react-dom.development.js:27078:3[90m)[39m
    at flushPassiveEffects [90m(/home/fjmolina/spa-build/[39mnode_modules/[4mreact-dom[24m/cjs/react-dom.development.js:27023:14[90m)[39m {
  codeFrame: [32m'vi\x1B[33m.\x1B[39m\x1B[34mmock\x1B[39m(\x1B[35mimport\x1B[39m(\x1B[32m"@lm-tecnologias-interactivas-u/website-utils"\x1B[39m)\x1B[33m,\x1B[39m \x1B[35masync\x1B[39m (importOriginal) \x1B[33m=>\x1B[39m {\n'[39m +
    [32m'  \x1B[35mconst\x1B[39m actual \x1B[33m=\x1B[39m \x1B[35mawait\x1B[39m \x1B[34mimportOriginal\x1B[39m()\n'[39m +
    [32m'  \x1B[35mreturn\x1B[39m {\n'[39m +
    [32m'    \x1B[33m...\x1B[39mactual\x1B[33m,\x1B[39m\n'[39m +
    [32m'    \x1B[90m// your mocked methods\x1B[39m\n'[39m +
    [32m'  }\n'[39m +
    [32m'})'[39m
}
The above error occurred in the <IntelsatLoginForm> component:

    at IntelsatLoginForm (/home/fjmolina/spa-build/src/components/Templates/IntelsatLoginForm/index.tsx:32:73)

Consider adding an error boundary to your tree to customize error handling behavior.
Visit https://reactjs.org/link/error-boundaries to learn more about error boundaries.

stderr | src/test/components/IntelsatLoginForm.form.test.tsx > IntelsatLoginForm form behaviors > shows Loader and submits form when window.retrieveLoginInfo is called
Error: Uncaught [Error: [vitest] No "getFlag" export is defined on the "@lm-tecnologias-interactivas-u/website-utils" mock. Did you forget to return it from "vi.mock"?
If you need to partially mock a module, you can use "importOriginal" helper inside:
]
    at reportException (/home/fjmolina/spa-build/node_modules/jsdom/lib/jsdom/living/helpers/runtime-script-errors.js:66:24)
    at innerInvokeEventListeners (/home/fjmolina/spa-build/node_modules/jsdom/lib/jsdom/living/events/EventTarget-impl.js:353:9)
    at invokeEventListeners (/home/fjmolina/spa-build/node_modules/jsdom/lib/jsdom/living/events/EventTarget-impl.js:286:3)
    at HTMLUnknownElementImpl._dispatch (/home/fjmolina/spa-build/node_modules/jsdom/lib/jsdom/living/events/EventTarget-impl.js:233:9)
    at HTMLUnknownElementImpl.dispatchEvent (/home/fjmolina/spa-build/node_modules/jsdom/lib/jsdom/living/events/EventTarget-impl.js:104:17)
    at HTMLUnknownElement.dispatchEvent (/home/fjmolina/spa-build/node_modules/jsdom/lib/jsdom/living/generated/EventTarget.js:241:34)
    at Object.invokeGuardedCallbackDev (/home/fjmolina/spa-build/node_modules/react-dom/cjs/react-dom.development.js:4213:16)
    at invokeGuardedCallback (/home/fjmolina/spa-build/node_modules/react-dom/cjs/react-dom.development.js:4277:31)
    at reportUncaughtErrorInDEV (/home/fjmolina/spa-build/node_modules/react-dom/cjs/react-dom.development.js:22877:5)
    at captureCommitPhaseError (/home/fjmolina/spa-build/node_modules/react-dom/cjs/react-dom.development.js:27165:5) Error: [vitest] No "getFlag" export is defined on the "@lm-tecnologias-interactivas-u/website-utils" mock. Did you forget to return it from "vi.mock"?
If you need to partially mock a module, you can use "importOriginal" helper inside:

    at VitestMocker.createError [90m(file:///home/fjmolina/spa-build/[39mnode_modules/[4mvitest[24m/dist/chunks/execute.BpmIjFTD.js:330:17[90m)[39m
    at Object.getFlag [as get] [90m(file:///home/fjmolina/spa-build/[39mnode_modules/[4mvitest[24m/dist/chunks/execute.BpmIjFTD.js:386:16[90m)[39m
    at [90m/home/fjmolina/spa-build/[39msrc/components/Templates/IntelsatLoginForm/index.tsx:120:26
    at commitHookEffectListMount [90m(/home/fjmolina/spa-build/[39mnode_modules/[4mreact-dom[24m/cjs/react-dom.development.js:23189:26[90m)[39m
    at commitPassiveMountOnFiber [90m(/home/fjmolina/spa-build/[39mnode_modules/[4mreact-dom[24m/cjs/react-dom.development.js:24970:11[90m)[39m
    at commitPassiveMountEffects_complete [90m(/home/fjmolina/spa-build/[39mnode_modules/[4mreact-dom[24m/cjs/react-dom.development.js:24930:9[90m)[39m
    at commitPassiveMountEffects_begin [90m(/home/fjmolina/spa-build/[39mnode_modules/[4mreact-dom[24m/cjs/react-dom.development.js:24917:7[90m)[39m
    at commitPassiveMountEffects [90m(/home/fjmolina/spa-build/[39mnode_modules/[4mreact-dom[24m/cjs/react-dom.development.js:24905:3[90m)[39m
    at flushPassiveEffectsImpl [90m(/home/fjmolina/spa-build/[39mnode_modules/[4mreact-dom[24m/cjs/react-dom.development.js:27078:3[90m)[39m
    at flushPassiveEffects [90m(/home/fjmolina/spa-build/[39mnode_modules/[4mreact-dom[24m/cjs/react-dom.development.js:27023:14[90m)[39m {
  codeFrame: [32m'vi\x1B[33m.\x1B[39m\x1B[34mmock\x1B[39m(\x1B[35mimport\x1B[39m(\x1B[32m"@lm-tecnologias-interactivas-u/website-utils"\x1B[39m)\x1B[33m,\x1B[39m \x1B[35masync\x1B[39m (importOriginal) \x1B[33m=>\x1B[39m {\n'[39m +
    [32m'  \x1B[35mconst\x1B[39m actual \x1B[33m=\x1B[39m \x1B[35mawait\x1B[39m \x1B[34mimportOriginal\x1B[39m()\n'[39m +
    [32m'  \x1B[35mreturn\x1B[39m {\n'[39m +
    [32m'    \x1B[33m...\x1B[39mactual\x1B[33m,\x1B[39m\n'[39m +
    [32m'    \x1B[90m// your mocked methods\x1B[39m\n'[39m +
    [32m'  }\n'[39m +
    [32m'})'[39m
}
The above error occurred in the <IntelsatLoginForm> component:

    at IntelsatLoginForm (/home/fjmolina/spa-build/src/components/Templates/IntelsatLoginForm/index.tsx:32:73)

Consider adding an error boundary to your tree to customize error handling behavior.
Visit https://reactjs.org/link/error-boundaries to learn more about error boundaries.

stderr | src/test/components/IntelsatLoginForm.form.test.tsx > IntelsatLoginForm form behaviors > redirects to enrollment URL and preserves params from loginUri
Error: Uncaught [Error: [vitest] No "getFlag" export is defined on the "@lm-tecnologias-interactivas-u/website-utils" mock. Did you forget to return it from "vi.mock"?
If you need to partially mock a module, you can use "importOriginal" helper inside:
]
    at reportException (/home/fjmolina/spa-build/node_modules/jsdom/lib/jsdom/living/helpers/runtime-script-errors.js:66:24)
    at innerInvokeEventListeners (/home/fjmolina/spa-build/node_modules/jsdom/lib/jsdom/living/events/EventTarget-impl.js:353:9)
    at invokeEventListeners (/home/fjmolina/spa-build/node_modules/jsdom/lib/jsdom/living/events/EventTarget-impl.js:286:3)
    at HTMLUnknownElementImpl._dispatch (/home/fjmolina/spa-build/node_modules/jsdom/lib/jsdom/living/events/EventTarget-impl.js:233:9)
    at HTMLUnknownElementImpl.dispatchEvent (/home/fjmolina/spa-build/node_modules/jsdom/lib/jsdom/living/events/EventTarget-impl.js:104:17)
    at HTMLUnknownElement.dispatchEvent (/home/fjmolina/spa-build/node_modules/jsdom/lib/jsdom/living/generated/EventTarget.js:241:34)
    at Object.invokeGuardedCallbackDev (/home/fjmolina/spa-build/node_modules/react-dom/cjs/react-dom.development.js:4213:16)
    at invokeGuardedCallback (/home/fjmolina/spa-build/node_modules/react-dom/cjs/react-dom.development.js:4277:31)
    at reportUncaughtErrorInDEV (/home/fjmolina/spa-build/node_modules/react-dom/cjs/react-dom.development.js:22877:5)
    at captureCommitPhaseError (/home/fjmolina/spa-build/node_modules/react-dom/cjs/react-dom.development.js:27165:5) Error: [vitest] No "getFlag" export is defined on the "@lm-tecnologias-interactivas-u/website-utils" mock. Did you forget to return it from "vi.mock"?
If you need to partially mock a module, you can use "importOriginal" helper inside:

    at VitestMocker.createError [90m(file:///home/fjmolina/spa-build/[39mnode_modules/[4mvitest[24m/dist/chunks/execute.BpmIjFTD.js:330:17[90m)[39m
    at Object.getFlag [as get] [90m(file:///home/fjmolina/spa-build/[39mnode_modules/[4mvitest[24m/dist/chunks/execute.BpmIjFTD.js:386:16[90m)[39m
    at [90m/home/fjmolina/spa-build/[39msrc/components/Templates/IntelsatLoginForm/index.tsx:120:26
    at commitHookEffectListMount [90m(/home/fjmolina/spa-build/[39mnode_modules/[4mreact-dom[24m/cjs/react-dom.development.js:23189:26[90m)[39m
    at commitPassiveMountOnFiber [90m(/home/fjmolina/spa-build/[39mnode_modules/[4mreact-dom[24m/cjs/react-dom.development.js:24970:11[90m)[39m
    at commitPassiveMountEffects_complete [90m(/home/fjmolina/spa-build/[39mnode_modules/[4mreact-dom[24m/cjs/react-dom.development.js:24930:9[90m)[39m
    at commitPassiveMountEffects_begin [90m(/home/fjmolina/spa-build/[39mnode_modules/[4mreact-dom[24m/cjs/react-dom.development.js:24917:7[90m)[39m
    at commitPassiveMountEffects [90m(/home/fjmolina/spa-build/[39mnode_modules/[4mreact-dom[24m/cjs/react-dom.development.js:24905:3[90m)[39m
    at flushPassiveEffectsImpl [90m(/home/fjmolina/spa-build/[39mnode_modules/[4mreact-dom[24m/cjs/react-dom.development.js:27078:3[90m)[39m
    at flushPassiveEffects [90m(/home/fjmolina/spa-build/[39mnode_modules/[4mreact-dom[24m/cjs/react-dom.development.js:27023:14[90m)[39m {
  codeFrame: [32m'vi\x1B[33m.\x1B[39m\x1B[34mmock\x1B[39m(\x1B[35mimport\x1B[39m(\x1B[32m"@lm-tecnologias-interactivas-u/website-utils"\x1B[39m)\x1B[33m,\x1B[39m \x1B[35masync\x1B[39m (importOriginal) \x1B[33m=>\x1B[39m {\n'[39m +
    [32m'  \x1B[35mconst\x1B[39m actual \x1B[33m=\x1B[39m \x1B[35mawait\x1B[39m \x1B[34mimportOriginal\x1B[39m()\n'[39m +
    [32m'  \x1B[35mreturn\x1B[39m {\n'[39m +
    [32m'    \x1B[33m...\x1B[39mactual\x1B[33m,\x1B[39m\n'[39m +
    [32m'    \x1B[90m// your mocked methods\x1B[39m\n'[39m +
    [32m'  }\n'[39m +
    [32m'})'[39m
}
The above error occurred in the <IntelsatLoginForm> component:

    at IntelsatLoginForm (/home/fjmolina/spa-build/src/components/Templates/IntelsatLoginForm/index.tsx:32:73)

Consider adding an error boundary to your tree to customize error handling behavior.
Visit https://reactjs.org/link/error-boundaries to learn more about error boundaries.

 × src/test/components/LifemilesLoginForm.form.test.tsx > LifemilesLoginForm form behaviors > validates username for LM number, alphanumeric username, and email; and password enabling submit 353ms
   → [vitest] No "IconResolver" export is defined on the "@lm-tecnologias-interactivas-c/website-components" mock. Did you forget to return it from "vi.mock"?
If you need to partially mock a module, you can use "importOriginal" helper inside:

 × src/test/components/LifemilesLoginForm.form.test.tsx > LifemilesLoginForm form behaviors > prefills username from ftnum cookie and marks it valid 19ms
   → [vitest] No "IconResolver" export is defined on the "@lm-tecnologias-interactivas-c/website-components" mock. Did you forget to return it from "vi.mock"?
If you need to partially mock a module, you can use "importOriginal" helper inside:

 × src/test/components/LifemilesLoginForm.form.test.tsx > LifemilesLoginForm form behaviors > redirects to enrollment URL when clicking Register here for free 62ms
   → [vitest] No "IconResolver" export is defined on the "@lm-tecnologias-interactivas-c/website-components" mock. Did you forget to return it from "vi.mock"?
If you need to partially mock a module, you can use "importOriginal" helper inside:

 ✓ src/test/components/SocialManager.passkey.test.tsx > SocialManager — Passkey option > does not submit when the action url is missing (fail closed) 179ms
 ✓ src/test/components/SocialManager.passkey.test.tsx > SocialManager — Passkey option > leaves the existing email and social options intact (FR-7) 50ms
 ✓ src/test/components/SocialManager.passkey.test.tsx > SocialManager — Passkey option > still renders the other options when Passkey is unavailable 25ms
 × src/test/components/IntelsatLoginForm.form.test.tsx > IntelsatLoginForm form behaviors > validates username (LM number, alphanumeric, email) and enables submit when password valid 433ms
   → [vitest] No "getFlag" export is defined on the "@lm-tecnologias-interactivas-u/website-utils" mock. Did you forget to return it from "vi.mock"?
If you need to partially mock a module, you can use "importOriginal" helper inside:

 × src/test/components/IntelsatLoginForm.form.test.tsx > IntelsatLoginForm form behaviors > prefills username from ftnum cookie and treats it as valid 28ms
   → [vitest] No "getFlag" export is defined on the "@lm-tecnologias-interactivas-u/website-utils" mock. Did you forget to return it from "vi.mock"?
If you need to partially mock a module, you can use "importOriginal" helper inside:

 × src/test/components/IntelsatLoginForm.form.test.tsx > IntelsatLoginForm form behaviors > shows Loader and submits form when window.retrieveLoginInfo is called 26ms
   → [vitest] No "getFlag" export is defined on the "@lm-tecnologias-interactivas-u/website-utils" mock. Did you forget to return it from "vi.mock"?
If you need to partially mock a module, you can use "importOriginal" helper inside:

 × src/test/components/IntelsatLoginForm.form.test.tsx > IntelsatLoginForm form behaviors > redirects to enrollment URL and preserves params from loginUri 21ms
   → [vitest] No "getFlag" export is defined on the "@lm-tecnologias-interactivas-u/website-utils" mock. Did you forget to return it from "vi.mock"?
If you need to partially mock a module, you can use "importOriginal" helper inside:

 ✓ src/test/utils/cookies.test.ts > cookies utils test > add cookie test 48ms
 ✓ src/test/utils/cookies.test.ts > cookies utils test > delete cookie test 10ms
 ✓ src/test/utils/cookies.test.ts > cookies utils test > Add hydra  cookie test 5ms
 ✓ src/test/utils/cookies.test.ts > cookies utils test > Delete hydra cookie test 10ms
stderr | src/test/components/LifemilesLoginForm.social.test.tsx > LifemilesLoginForm social provider redirect > sets window.location.href to provider url on click
Error: Uncaught [Error: [vitest] No "IconResolver" export is defined on the "@lm-tecnologias-interactivas-c/website-components" mock. Did you forget to return it from "vi.mock"?
If you need to partially mock a module, you can use "importOriginal" helper inside:
]
    at reportException (/home/fjmolina/spa-build/node_modules/jsdom/lib/jsdom/living/helpers/runtime-script-errors.js:66:24)
    at innerInvokeEventListeners (/home/fjmolina/spa-build/node_modules/jsdom/lib/jsdom/living/events/EventTarget-impl.js:353:9)
    at invokeEventListeners (/home/fjmolina/spa-build/node_modules/jsdom/lib/jsdom/living/events/EventTarget-impl.js:286:3)
    at HTMLUnknownElementImpl._dispatch (/home/fjmolina/spa-build/node_modules/jsdom/lib/jsdom/living/events/EventTarget-impl.js:233:9)
    at HTMLUnknownElementImpl.dispatchEvent (/home/fjmolina/spa-build/node_modules/jsdom/lib/jsdom/living/events/EventTarget-impl.js:104:17)
    at HTMLUnknownElement.dispatchEvent (/home/fjmolina/spa-build/node_modules/jsdom/lib/jsdom/living/generated/EventTarget.js:241:34)
    at Object.invokeGuardedCallbackDev (/home/fjmolina/spa-build/node_modules/react-dom/cjs/react-dom.development.js:4213:16)
    at invokeGuardedCallback (/home/fjmolina/spa-build/node_modules/react-dom/cjs/react-dom.development.js:4277:31)
    at beginWork$1 (/home/fjmolina/spa-build/node_modules/react-dom/cjs/react-dom.development.js:27490:7)
    at performUnitOfWork (/home/fjmolina/spa-build/node_modules/react-dom/cjs/react-dom.development.js:26599:12) Error: [vitest] No "IconResolver" export is defined on the "@lm-tecnologias-interactivas-c/website-components" mock. Did you forget to return it from "vi.mock"?
If you need to partially mock a module, you can use "importOriginal" helper inside:

    at VitestMocker.createError [90m(file:///home/fjmolina/spa-build/[39mnode_modules/[4mvitest[24m/dist/chunks/execute.BpmIjFTD.js:330:17[90m)[39m
    at Object.IconResolver [as get] [90m(file:///home/fjmolina/spa-build/[39mnode_modules/[4mvitest[24m/dist/chunks/execute.BpmIjFTD.js:386:16[90m)[39m
    at render [90m(/home/fjmolina/spa-build/[39msrc/components/Templates/LifemilesLoginForm/index.tsx:379:18[90m)[39m
    at LifemilesLoginForm [90m(/home/fjmolina/spa-build/[39msrc/components/Templates/LifemilesLoginForm/index.tsx:505:10[90m)[39m
    at renderWithHooks [90m(/home/fjmolina/spa-build/[39mnode_modules/[4mreact-dom[24m/cjs/react-dom.development.js:15486:18[90m)[39m
    at mountIndeterminateComponent [90m(/home/fjmolina/spa-build/[39mnode_modules/[4mreact-dom[24m/cjs/react-dom.development.js:20103:13[90m)[39m
    at beginWork [90m(/home/fjmolina/spa-build/[39mnode_modules/[4mreact-dom[24m/cjs/react-dom.development.js:21626:16[90m)[39m
    at HTMLUnknownElement.callCallback [90m(/home/fjmolina/spa-build/[39mnode_modules/[4mreact-dom[24m/cjs/react-dom.development.js:4164:14[90m)[39m
    at HTMLUnknownElement.callTheUserObjectsOperation [90m(/home/fjmolina/spa-build/[39mnode_modules/[4mjsdom[24m/lib/jsdom/living/generated/EventListener.js:26:30[90m)[39m
    at innerInvokeEventListeners [90m(/home/fjmolina/spa-build/[39mnode_modules/[4mjsdom[24m/lib/jsdom/living/events/EventTarget-impl.js:350:25[90m)[39m {
  codeFrame: [32m'vi\x1B[33m.\x1B[39m\x1B[34mmock\x1B[39m(\x1B[35mimport\x1B[39m(\x1B[32m"@lm-tecnologias-interactivas-c/website-components"\x1B[39m)\x1B[33m,\x1B[39m \x1B[35masync\x1B[39m (importOriginal) \x1B[33m=>\x1B[39m {\n'[39m +
    [32m'  \x1B[35mconst\x1B[39m actual \x1B[33m=\x1B[39m \x1B[35mawait\x1B[39m \x1B[34mimportOriginal\x1B[39m()\n'[39m +
    [32m'  \x1B[35mreturn\x1B[39m {\n'[39m +
    [32m'    \x1B[33m...\x1B[39mactual\x1B[33m,\x1B[39m\n'[39m +
    [32m'    \x1B[90m// your mocked methods\x1B[39m\n'[39m +
    [32m'  }\n'[39m +
    [32m'})'[39m
}
Error: Uncaught [Error: [vitest] No "IconResolver" export is defined on the "@lm-tecnologias-interactivas-c/website-components" mock. Did you forget to return it from "vi.mock"?
If you need to partially mock a module, you can use "importOriginal" helper inside:
]
    at reportException (/home/fjmolina/spa-build/node_modules/jsdom/lib/jsdom/living/helpers/runtime-script-errors.js:66:24)
    at innerInvokeEventListeners (/home/fjmolina/spa-build/node_modules/jsdom/lib/jsdom/living/events/EventTarget-impl.js:353:9)
    at invokeEventListeners (/home/fjmolina/spa-build/node_modules/jsdom/lib/jsdom/living/events/EventTarget-impl.js:286:3)
    at HTMLUnknownElementImpl._dispatch (/home/fjmolina/spa-build/node_modules/jsdom/lib/jsdom/living/events/EventTarget-impl.js:233:9)
    at HTMLUnknownElementImpl.dispatchEvent (/home/fjmolina/spa-build/node_modules/jsdom/lib/jsdom/living/events/EventTarget-impl.js:104:17)
    at HTMLUnknownElement.dispatchEvent (/home/fjmolina/spa-build/node_modules/jsdom/lib/jsdom/living/generated/EventTarget.js:241:34)
    at Object.invokeGuardedCallbackDev (/home/fjmolina/spa-build/node_modules/react-dom/cjs/react-dom.development.js:4213:16)
    at invokeGuardedCallback (/home/fjmolina/spa-build/node_modules/react-dom/cjs/react-dom.development.js:4277:31)
    at beginWork$1 (/home/fjmolina/spa-build/node_modules/react-dom/cjs/react-dom.development.js:27490:7)
    at performUnitOfWork (/home/fjmolina/spa-build/node_modules/react-dom/cjs/react-dom.development.js:26599:12) Error: [vitest] No "IconResolver" export is defined on the "@lm-tecnologias-interactivas-c/website-components" mock. Did you forget to return it from "vi.mock"?
If you need to partially mock a module, you can use "importOriginal" helper inside:

    at VitestMocker.createError [90m(file:///home/fjmolina/spa-build/[39mnode_modules/[4mvitest[24m/dist/chunks/execute.BpmIjFTD.js:330:17[90m)[39m
    at Object.IconResolver [as get] [90m(file:///home/fjmolina/spa-build/[39mnode_modules/[4mvitest[24m/dist/chunks/execute.BpmIjFTD.js:386:16[90m)[39m
    at render [90m(/home/fjmolina/spa-build/[39msrc/components/Templates/LifemilesLoginForm/index.tsx:379:18[90m)[39m
    at LifemilesLoginForm [90m(/home/fjmolina/spa-build/[39msrc/components/Templates/LifemilesLoginForm/index.tsx:505:10[90m)[39m
    at renderWithHooks [90m(/home/fjmolina/spa-build/[39mnode_modules/[4mreact-dom[24m/cjs/react-dom.development.js:15486:18[90m)[39m
    at mountIndeterminateComponent [90m(/home/fjmolina/spa-build/[39mnode_modules/[4mreact-dom[24m/cjs/react-dom.development.js:20103:13[90m)[39m
    at beginWork [90m(/home/fjmolina/spa-build/[39mnode_modules/[4mreact-dom[24m/cjs/react-dom.development.js:21626:16[90m)[39m
    at HTMLUnknownElement.callCallback [90m(/home/fjmolina/spa-build/[39mnode_modules/[4mreact-dom[24m/cjs/react-dom.development.js:4164:14[90m)[39m
    at HTMLUnknownElement.callTheUserObjectsOperation [90m(/home/fjmolina/spa-build/[39mnode_modules/[4mjsdom[24m/lib/jsdom/living/generated/EventListener.js:26:30[90m)[39m
    at innerInvokeEventListeners [90m(/home/fjmolina/spa-build/[39mnode_modules/[4mjsdom[24m/lib/jsdom/living/events/EventTarget-impl.js:350:25[90m)[39m {
  codeFrame: [32m'vi\x1B[33m.\x1B[39m\x1B[34mmock\x1B[39m(\x1B[35mimport\x1B[39m(\x1B[32m"@lm-tecnologias-interactivas-c/website-components"\x1B[39m)\x1B[33m,\x1B[39m \x1B[35masync\x1B[39m (importOriginal) \x1B[33m=>\x1B[39m {\n'[39m +
    [32m'  \x1B[35mconst\x1B[39m actual \x1B[33m=\x1B[39m \x1B[35mawait\x1B[39m \x1B[34mimportOriginal\x1B[39m()\n'[39m +
    [32m'  \x1B[35mreturn\x1B[39m {\n'[39m +
    [32m'    \x1B[33m...\x1B[39mactual\x1B[33m,\x1B[39m\n'[39m +
    [32m'    \x1B[90m// your mocked methods\x1B[39m\n'[39m +
    [32m'  }\n'[39m +
    [32m'})'[39m
}
The above error occurred in the <LifemilesLoginForm> component:

    at LifemilesLoginForm (/home/fjmolina/spa-build/src/components/Templates/LifemilesLoginForm/index.tsx:32:73)

Consider adding an error boundary to your tree to customize error handling behavior.
Visit https://reactjs.org/link/error-boundaries to learn more about error boundaries.

 × src/test/components/LifemilesLoginForm.social.test.tsx > LifemilesLoginForm social provider redirect > sets window.location.href to provider url on click 163ms
   → [vitest] No "IconResolver" export is defined on the "@lm-tecnologias-interactivas-c/website-components" mock. Did you forget to return it from "vi.mock"?
If you need to partially mock a module, you can use "importOriginal" helper inside:

 × src/test/api/app.test.ts > api/app getFlagApi > configures fetchApiService with flag endpoint and microsite, and returns result 132ms
   → expected "spy" to be called with arguments: [ …(2) ][90m

Received: 

[1m  1st spy call:

[22m[2m  [[22m
[2m    "https://cms-configs.qa-lifemiles.net/api/cms/cms/v1/website-config/flags.json",[22m
[2m    {[22m
[31m+     "initConfig": {[90m
[31m+       "cache": "no-store",[90m
[31m+     },[90m
[2m      "responseConfig": {[22m
[32m-       "microsite": Any<String>,[90m
[31m+       "microsite": "hub-keycloak-login-ui",[90m
[2m      },[22m
[2m    },[22m
[2m  ][22m

[1m  2nd spy call:

[22m[2m  [[22m
[32m-   "https://cms-configs.qa-lifemiles.net/api/cms/cms/v1/website-config/flags.json",[90m
[31m+   "https://cms-configs.dev-lifemiles.net/api/cms/cms/v1/website-config/geolocation-mockup.json",[90m
[2m    {[22m
[31m+     "initConfig": {[90m
[31m+       "cache": "no-store",[90m
[31m+     },[90m
[2m      "responseConfig": {[22m
[32m-       "microsite": Any<String>,[90m
[31m+       "microsite": "hub-keycloak-login-ui",[90m
[2m      },[22m
[2m    },[22m
[2m  ][22m
[39m[90m

Number of calls: [1m2[22m
[39m
 × src/test/api/languageCatalog.test.ts > api/languageCatalog fetchLanguageCatalogApi > formats URL with language and returns fetch result 113ms
   → expected "spy" to be called with arguments: [ …(2) ][90m

Received: 

[1m  1st spy call:

[22m[2m  [[22m
[2m    "formatted:https://www.qa-lifemiles.net/cms/<language>/cms/v1/landing-page/AUTHLANGUAGE/landing.json:en",[22m
[2m    {[22m
[31m+     "initConfig": {[90m
[31m+       "cache": "no-cache",[90m
[31m+     },[90m
[2m      "responseConfig": {[22m
[32m-       "microsite": Any<String>,[90m
[31m+       "microsite": "hub-keycloak-login-ui",[90m
[2m      },[22m
[2m    },[22m
[2m  ][22m
[39m[90m

Number of calls: [1m1[22m
[39m
 ✓ src/test/types/loginInitForm.test.ts > initForm > provides default empty values and valid=false for username and password 19ms
 ✓ src/test/types/loginInitForm.test.ts > initForm > is independent object (mutations here shouldn't affect subsequent imports) 1ms
 × src/test/api/errorMessages.test.ts > api/errorMessages fetchErrorMessage > formats endpoint and includes microsite in service options 113ms
   → expected "spy" to be called with arguments: [ …(2) ][90m

Received: 

[1m  1st spy call:

[22m[2m  [[22m
[2m    "fmt:https://www.qa-lifemiles.net/cms/<country>/<language>/cms/v1/error/<code>/error-description.entity.json:es:co:404",[22m
[2m    {[22m
[31m+     "initConfig": {[90m
[31m+       "cache": "no-cache",[90m
[31m+     },[90m
[2m      "responseConfig": {[22m
[32m-       "microsite": Any<String>,[90m
[31m+       "microsite": "hub-keycloak-login-ui",[90m
[2m      },[22m
[2m    },[22m
[2m  ][22m
[39m[90m

Number of calls: [1m1[22m
[39m
 ✓ src/test/request/flags.test.ts > request/flags getRequest > builds request object with url from constants, GET header, auth token and JSON body 10ms
 ✓ src/test/request/flags.test.ts > request/flags getRequest > returns empty url string if constant missing 6ms
 ✓ src/test/stores/app.test.ts > useAppStore > has initial state for loader and language 13ms
 ✓ src/test/stores/app.test.ts > useAppStore > updates loader via setLoader 1ms
 ✓ src/test/stores/app.test.ts > useAppStore > updates language via setLanguage 1ms
 ✓ src/test/stores/partnerConfigs.test.ts > partnerConfigs store > has initial configs and updates by merging 17ms
 ✓ src/test/stores/maintenancePage.test.ts > maintenancePage store (useBoundStore) > has initial value with id=0 and empty name 14ms
 ✓ src/test/stores/maintenancePage.test.ts > maintenancePage store (useBoundStore) > updates value via updateMaintState 1ms

⎯⎯⎯⎯⎯⎯ Failed Suites 3 ⎯⎯⎯⎯⎯⎯⎯

 FAIL  src/test/components/Alert.test.tsx [ src/test/components/Alert.test.tsx ]
Error: Failed to resolve import "components/Alert/index.tsx" from "src/test/components/Alert.test.tsx". Does the file exist?
  Plugin: vite:import-analysis
  File: /home/fjmolina/spa-build/src/test/components/Alert.test.tsx:6:18
  5  |  import { render, screen as vitestScreen } from "@testing-library/react";
  6  |  import { defaultGeneralError } from "../../types/models/generalError";
  7  |  import Alert from "components/Alert/index.tsx";
     |                     ^
  8  |  import { fetchLanguageCatalogApi } from "api/languageCatalog.ts";
  9  |  import { fetchLoginTextApi } from "api/loginTexts.ts";
 ❯ TransformPluginContext._formatLog node_modules/vitest/node_modules/vite/dist/node/chunks/dep-Dm0c1Wj2.js:42658:41
 ❯ TransformPluginContext.error node_modules/vitest/node_modules/vite/dist/node/chunks/dep-Dm0c1Wj2.js:42655:16
 ❯ normalizeUrl node_modules/vitest/node_modules/vite/dist/node/chunks/dep-Dm0c1Wj2.js:40634:23
 ❯ node_modules/vitest/node_modules/vite/dist/node/chunks/dep-Dm0c1Wj2.js:40753:37
 ❯ TransformPluginContext.transform node_modules/vitest/node_modules/vite/dist/node/chunks/dep-Dm0c1Wj2.js:40680:7
 ❯ EnvironmentPluginContainer.transform node_modules/vitest/node_modules/vite/dist/node/chunks/dep-Dm0c1Wj2.js:42453:18
 ❯ loadAndTransform node_modules/vitest/node_modules/vite/dist/node/chunks/dep-Dm0c1Wj2.js:35845:27

⎯⎯⎯⎯⎯⎯⎯⎯⎯⎯⎯⎯⎯⎯⎯⎯⎯⎯⎯⎯⎯⎯⎯⎯⎯⎯⎯⎯⎯⎯
Serialized Error: { __vitest_rollup_error__: { plugin: 'vite:import-analysis', id: '/home/fjmolina/spa-build/src/test/components/Alert.test.tsx', loc: { file: '/home/fjmolina/spa-build/src/test/components/Alert.test.tsx', line: 6, column: 18 }, frame: '5  |  import { render, screen as vitestScreen } from "@testing-library/react";\n6  |  import { defaultGeneralError } from "../../types/models/generalError";\n7  |  import Alert from "components/Alert/index.tsx";\n   |                     ^\n8  |  import { fetchLanguageCatalogApi } from "api/languageCatalog.ts";\n9  |  import { fetchLoginTextApi } from "api/loginTexts.ts";' } }
⎯⎯⎯⎯⎯⎯⎯⎯⎯⎯⎯⎯⎯⎯⎯⎯⎯⎯⎯⎯⎯⎯⎯[1/20]⎯

 FAIL  src/test/components/GrafanaFaro.test.tsx [ src/test/components/GrafanaFaro.test.tsx ]
Error: Failed to resolve import "components/GrafanaFaro/GrafanaFaro" from "src/test/components/GrafanaFaro.test.tsx". Does the file exist?
  Plugin: vite:import-analysis
  File: /home/fjmolina/spa-build/src/test/components/GrafanaFaro.test.tsx:7:0
  30 |  const __vi_import_3__ = await import("@testing-library/react");
  31 |  const __vi_import_4__ = await import("@lm-tecnologias-interactivas-u/website-utils");
  32 |  const __vi_import_5__ = await import("components/GrafanaFaro/GrafanaFaro");
     |                                       ^
  33 |  const __vi_import_6__ = await import("stores/partnerConfigs");
  34 |  
 ❯ TransformPluginContext._formatLog node_modules/vitest/node_modules/vite/dist/node/chunks/dep-Dm0c1Wj2.js:42658:41
 ❯ TransformPluginContext.error node_modules/vitest/node_modules/vite/dist/node/chunks/dep-Dm0c1Wj2.js:42655:16
 ❯ normalizeUrl node_modules/vitest/node_modules/vite/dist/node/chunks/dep-Dm0c1Wj2.js:40634:23
 ❯ node_modules/vitest/node_modules/vite/dist/node/chunks/dep-Dm0c1Wj2.js:40753:37
 ❯ TransformPluginContext.transform node_modules/vitest/node_modules/vite/dist/node/chunks/dep-Dm0c1Wj2.js:40680:7
 ❯ EnvironmentPluginContainer.transform node_modules/vitest/node_modules/vite/dist/node/chunks/dep-Dm0c1Wj2.js:42453:18
 ❯ loadAndTransform node_modules/vitest/node_modules/vite/dist/node/chunks/dep-Dm0c1Wj2.js:35845:27

⎯⎯⎯⎯⎯⎯⎯⎯⎯⎯⎯⎯⎯⎯⎯⎯⎯⎯⎯⎯⎯⎯⎯⎯⎯⎯⎯⎯⎯⎯
Serialized Error: { __vitest_rollup_error__: { plugin: 'vite:import-analysis', id: '/home/fjmolina/spa-build/src/test/components/GrafanaFaro.test.tsx', loc: { file: '/home/fjmolina/spa-build/src/test/components/GrafanaFaro.test.tsx', line: 7, column: +0 }, frame: '30 |  const __vi_import_3__ = await import("@testing-library/react");\n31 |  const __vi_import_4__ = await import("@lm-tecnologias-interactivas-u/website-utils");\n32 |  const __vi_import_5__ = await import("components/GrafanaFaro/GrafanaFaro");\n   |                                       ^\n33 |  const __vi_import_6__ = await import("stores/partnerConfigs");\n34 |  ' } }
⎯⎯⎯⎯⎯⎯⎯⎯⎯⎯⎯⎯⎯⎯⎯⎯⎯⎯⎯⎯⎯⎯⎯[2/20]⎯

 FAIL  src/test/views/TemplateController.test.tsx [ src/test/views/TemplateController.test.tsx ]
Error: Failed to resolve import "views/TemplateController" from "src/test/views/TemplateController.test.tsx". Does the file exist?
  Plugin: vite:import-analysis
  File: /home/fjmolina/spa-build/src/test/views/TemplateController.test.tsx:3:0
  19 |  const __vi_import_0__ = await import("react/jsx-dev-runtime");
  20 |  const __vi_import_1__ = await import("@testing-library/react");
  21 |  const __vi_import_2__ = await import("views/TemplateController");
     |                                       ^
  22 |  
  23 |  import { describe, it, expect, vi } from "vitest";
 ❯ TransformPluginContext._formatLog node_modules/vitest/node_modules/vite/dist/node/chunks/dep-Dm0c1Wj2.js:42658:41
 ❯ TransformPluginContext.error node_modules/vitest/node_modules/vite/dist/node/chunks/dep-Dm0c1Wj2.js:42655:16
 ❯ normalizeUrl node_modules/vitest/node_modules/vite/dist/node/chunks/dep-Dm0c1Wj2.js:40634:23
 ❯ node_modules/vitest/node_modules/vite/dist/node/chunks/dep-Dm0c1Wj2.js:40753:37
 ❯ TransformPluginContext.transform node_modules/vitest/node_modules/vite/dist/node/chunks/dep-Dm0c1Wj2.js:40680:7
 ❯ EnvironmentPluginContainer.transform node_modules/vitest/node_modules/vite/dist/node/chunks/dep-Dm0c1Wj2.js:42453:18
 ❯ loadAndTransform node_modules/vitest/node_modules/vite/dist/node/chunks/dep-Dm0c1Wj2.js:35845:27

⎯⎯⎯⎯⎯⎯⎯⎯⎯⎯⎯⎯⎯⎯⎯⎯⎯⎯⎯⎯⎯⎯⎯⎯⎯⎯⎯⎯⎯⎯
Serialized Error: { __vitest_rollup_error__: { plugin: 'vite:import-analysis', id: '/home/fjmolina/spa-build/src/test/views/TemplateController.test.tsx', loc: { file: '/home/fjmolina/spa-build/src/test/views/TemplateController.test.tsx', line: 3, column: +0 }, frame: '19 |  const __vi_import_0__ = await import("react/jsx-dev-runtime");\n20 |  const __vi_import_1__ = await import("@testing-library/react");\n21 |  const __vi_import_2__ = await import("views/TemplateController");\n   |                                       ^\n22 |  \n23 |  import { describe, it, expect, vi } from "vitest";' } }
⎯⎯⎯⎯⎯⎯⎯⎯⎯⎯⎯⎯⎯⎯⎯⎯⎯⎯⎯⎯⎯⎯⎯[3/20]⎯


⎯⎯⎯⎯⎯⎯ Failed Tests 17 ⎯⎯⎯⎯⎯⎯⎯

 FAIL  src/test/components/ErrorController.test.tsx > ErrorModal > Check if generalErrorInfo gets error text when code 999 or undefined
Error: [vitest] No "isEmptyObject" export is defined on the "@lm-tecnologias-interactivas-u/website-utils" mock. Did you forget to return it from "vi.mock"?
If you need to partially mock a module, you can use "importOriginal" helper inside:

vi[33m.[39m[34mmock[39m([35mimport[39m([32m"@lm-tecnologias-interactivas-u/website-utils"[39m)[33m,[39m [35masync[39m (importOriginal) [33m=>[39m {
  [35mconst[39m actual [33m=[39m [35mawait[39m [34mimportOriginal[39m()
  [35mreturn[39m {
    [33m...[39mactual[33m,[39m
    [90m// your mocked methods[39m
  }
})

 ❯ Function.getGeneralErrorTemplate src/components/ErrorController/errorController.ts:29:20
     27|   static getGeneralErrorTemplate(loginTexts: LoginFields | undefined =…
     28|     const alertError = this.getLoginTextErrorInfo(loginTexts)
     29|     const isPage = isEmptyObject(alertError)
       |                    ^
     30|     const template = isPage ? generalError : generalErrorAlert
     31|     const nextError = {
 ❯ Function.getGeneralErrorInfo src/components/ErrorController/errorController.ts:75:19
 ❯ src/test/components/ErrorController.test.tsx:58:23

⎯⎯⎯⎯⎯⎯⎯⎯⎯⎯⎯⎯⎯⎯⎯⎯⎯⎯⎯⎯⎯⎯⎯[4/20]⎯

 FAIL  src/test/components/ErrorModal.test.tsx > ErrorModal > Error Modal renders without crashing
 FAIL  src/test/components/ErrorModal.test.tsx > ErrorModal > Error controller displays default text and ErrorModal component when codeError doesnt exist
 FAIL  src/test/components/ErrorModal.test.tsx > ErrorModal > Api Call to language Catalog
 FAIL  src/test/components/ErrorModal.test.tsx > ErrorModal > Api Call to LoginTextsApi
Error: [vitest] No "SuccessOrErrorComponent" export is defined on the "@lm-tecnologias-interactivas-c/website-components" mock. Did you forget to return it from "vi.mock"?
If you need to partially mock a module, you can use "importOriginal" helper inside:

vi[33m.[39m[34mmock[39m([35mimport[39m([32m"@lm-tecnologias-interactivas-c/website-components"[39m)[33m,[39m [35masync[39m (importOriginal) [33m=>[39m {
  [35mconst[39m actual [33m=[39m [35mawait[39m [34mimportOriginal[39m()
  [35mreturn[39m {
    [33m...[39mactual[33m,[39m
    [90m// your mocked methods[39m
  }
})

 ❯ render src/components/ErrorModal/index.tsx:178:12
    176|       >
    177|         <div className={hasGeneralImage ? styles.successErrorComponent…
    178|           <SuccessOrErrorComponent
       |            ^
    179|             response={{
    180|               icon: image ? image : "",
 ❯ ErrorModal src/components/ErrorModal/index.tsx:205:10
 ❯ renderWithHooks node_modules/react-dom/cjs/react-dom.development.js:15486:18
 ❯ updateFunctionComponent node_modules/react-dom/cjs/react-dom.development.js:19617:20
 ❯ beginWork node_modules/react-dom/cjs/react-dom.development.js:21640:16
 ❯ beginWork$1 node_modules/react-dom/cjs/react-dom.development.js:27465:14
 ❯ performUnitOfWork node_modules/react-dom/cjs/react-dom.development.js:26599:12
 ❯ workLoopSync node_modules/react-dom/cjs/react-dom.development.js:26505:5

⎯⎯⎯⎯⎯⎯⎯⎯⎯⎯⎯⎯⎯⎯⎯⎯⎯⎯⎯⎯⎯⎯⎯[5/20]⎯

 FAIL  src/test/components/IntelsatLoginForm.form.test.tsx > IntelsatLoginForm form behaviors > validates username (LM number, alphanumeric, email) and enables submit when password valid
 FAIL  src/test/components/IntelsatLoginForm.form.test.tsx > IntelsatLoginForm form behaviors > prefills username from ftnum cookie and treats it as valid
 FAIL  src/test/components/IntelsatLoginForm.form.test.tsx > IntelsatLoginForm form behaviors > shows Loader and submits form when window.retrieveLoginInfo is called
 FAIL  src/test/components/IntelsatLoginForm.form.test.tsx > IntelsatLoginForm form behaviors > redirects to enrollment URL and preserves params from loginUri
Error: [vitest] No "getFlag" export is defined on the "@lm-tecnologias-interactivas-u/website-utils" mock. Did you forget to return it from "vi.mock"?
If you need to partially mock a module, you can use "importOriginal" helper inside:

vi[33m.[39m[34mmock[39m([35mimport[39m([32m"@lm-tecnologias-interactivas-u/website-utils"[39m)[33m,[39m [35masync[39m (importOriginal) [33m=>[39m {
  [35mconst[39m actual [33m=[39m [35mawait[39m [34mimportOriginal[39m()
  [35mreturn[39m {
    [33m...[39mactual[33m,[39m
    [90m// your mocked methods[39m
  }
})

 ❯ src/components/Templates/IntelsatLoginForm/index.tsx:120:26
    118|       //validate flag as "skip-social-{client_id}"
    119|       const prefixSocial = "skip-social-"
    120|       const skipSocial = getFlag({
       |                          ^
    121|         id: "social-manager-view",
    122|         micrositeName: microsite,
 ❯ commitHookEffectListMount node_modules/react-dom/cjs/react-dom.development.js:23189:26
 ❯ commitPassiveMountOnFiber node_modules/react-dom/cjs/react-dom.development.js:24970:11
 ❯ commitPassiveMountEffects_complete node_modules/react-dom/cjs/react-dom.development.js:24930:9
 ❯ commitPassiveMountEffects_begin node_modules/react-dom/cjs/react-dom.development.js:24917:7
 ❯ commitPassiveMountEffects node_modules/react-dom/cjs/react-dom.development.js:24905:3
 ❯ flushPassiveEffectsImpl node_modules/react-dom/cjs/react-dom.development.js:27078:3
 ❯ flushPassiveEffects node_modules/react-dom/cjs/react-dom.development.js:27023:14

⎯⎯⎯⎯⎯⎯⎯⎯⎯⎯⎯⎯⎯⎯⎯⎯⎯⎯⎯⎯⎯⎯⎯[6/20]⎯

 FAIL  src/test/components/LifemilesLoginForm.form.test.tsx > LifemilesLoginForm form behaviors > validates username for LM number, alphanumeric username, and email; and password enabling submit
 FAIL  src/test/components/LifemilesLoginForm.form.test.tsx > LifemilesLoginForm form behaviors > prefills username from ftnum cookie and marks it valid
 FAIL  src/test/components/LifemilesLoginForm.form.test.tsx > LifemilesLoginForm form behaviors > redirects to enrollment URL when clicking Register here for free
 FAIL  src/test/components/LifemilesLoginForm.social.test.tsx > LifemilesLoginForm social provider redirect > sets window.location.href to provider url on click
Error: [vitest] No "IconResolver" export is defined on the "@lm-tecnologias-interactivas-c/website-components" mock. Did you forget to return it from "vi.mock"?
If you need to partially mock a module, you can use "importOriginal" helper inside:

vi[33m.[39m[34mmock[39m([35mimport[39m([32m"@lm-tecnologias-interactivas-c/website-components"[39m)[33m,[39m [35masync[39m (importOriginal) [33m=>[39m {
  [35mconst[39m actual [33m=[39m [35mawait[39m [34mimportOriginal[39m()
  [35mreturn[39m {
    [33m...[39mactual[33m,[39m
    [90m// your mocked methods[39m
  }
})

 ❯ render src/components/Templates/LifemilesLoginForm/index.tsx:379:18
    377|             >
    378|               <button data-cy={"app-back-btn"} data-testid={"app-back-…
    379|                 <IconResolver url={dataForm?.back_icon ?? ""} iconColo…
       |                  ^
    380|                 <span className={styles.backLm_label}>{dataForm?.retur…
    381|               </button>
 ❯ LifemilesLoginForm src/components/Templates/LifemilesLoginForm/index.tsx:505:10
 ❯ renderWithHooks node_modules/react-dom/cjs/react-dom.development.js:15486:18
 ❯ mountIndeterminateComponent node_modules/react-dom/cjs/react-dom.development.js:20103:13
 ❯ beginWork node_modules/react-dom/cjs/react-dom.development.js:21626:16
 ❯ beginWork$1 node_modules/react-dom/cjs/react-dom.development.js:27465:14
 ❯ performUnitOfWork node_modules/react-dom/cjs/react-dom.development.js:26599:12
 ❯ workLoopSync node_modules/react-dom/cjs/react-dom.development.js:26505:5

⎯⎯⎯⎯⎯⎯⎯⎯⎯⎯⎯⎯⎯⎯⎯⎯⎯⎯⎯⎯⎯⎯⎯[7/20]⎯

 FAIL  src/test/api/app.test.ts > api/app getFlagApi > configures fetchApiService with flag endpoint and microsite, and returns result
AssertionError: expected "spy" to be called with arguments: [ …(2) ][90m

Received: 

[1m  1st spy call:

[22m[2m  [[22m
[2m    "https://cms-configs.qa-lifemiles.net/api/cms/cms/v1/website-config/flags.json",[22m
[2m    {[22m
[31m+     "initConfig": {[90m
[31m+       "cache": "no-store",[90m
[31m+     },[90m
[2m      "responseConfig": {[22m
[32m-       "microsite": Any<String>,[90m
[31m+       "microsite": "hub-keycloak-login-ui",[90m
[2m      },[22m
[2m    },[22m
[2m  ][22m

[1m  2nd spy call:

[22m[2m  [[22m
[32m-   "https://cms-configs.qa-lifemiles.net/api/cms/cms/v1/website-config/flags.json",[90m
[31m+   "https://cms-configs.dev-lifemiles.net/api/cms/cms/v1/website-config/geolocation-mockup.json",[90m
[2m    {[22m
[31m+     "initConfig": {[90m
[31m+       "cache": "no-store",[90m
[31m+     },[90m
[2m      "responseConfig": {[22m
[32m-       "microsite": Any<String>,[90m
[31m+       "microsite": "hub-keycloak-login-ui",[90m
[2m      },[22m
[2m    },[22m
[2m  ][22m
[39m[90m

Number of calls: [1m2[22m
[39m
 ❯ src/test/api/app.test.ts:21:29
     19|     const res = await getFlagApi()
     20| 
     21|     expect(fetchApiService).toHaveBeenCalledWith(String(apiUrl?.strapi…
       |                             ^
     22| 
     23|     expect(res.status).toBe(200)

⎯⎯⎯⎯⎯⎯⎯⎯⎯⎯⎯⎯⎯⎯⎯⎯⎯⎯⎯⎯⎯⎯⎯[8/20]⎯

 FAIL  src/test/api/errorMessages.test.ts > api/errorMessages fetchErrorMessage > formats endpoint and includes microsite in service options
AssertionError: expected "spy" to be called with arguments: [ …(2) ][90m

Received: 

[1m  1st spy call:

[22m[2m  [[22m
[2m    "fmt:https://www.qa-lifemiles.net/cms/<country>/<language>/cms/v1/error/<code>/error-description.entity.json:es:co:404",[22m
[2m    {[22m
[31m+     "initConfig": {[90m
[31m+       "cache": "no-cache",[90m
[31m+     },[90m
[2m      "responseConfig": {[22m
[32m-       "microsite": Any<String>,[90m
[31m+       "microsite": "hub-keycloak-login-ui",[90m
[2m      },[22m
[2m    },[22m
[2m  ][22m
[39m[90m

Number of calls: [1m1[22m
[39m
 ❯ src/test/api/errorMessages.test.ts:26:29
     24| 
     25|     expect(replaceTexts).toHaveBeenCalledWith(String(apiUrl?.strapi?.e…
     26|     expect(fetchApiService).toHaveBeenCalledWith(`fmt:${apiUrl?.strapi…
       |                             ^
     27|       responseConfig: { microsite: expect.any(String) }
     28|     })

⎯⎯⎯⎯⎯⎯⎯⎯⎯⎯⎯⎯⎯⎯⎯⎯⎯⎯⎯⎯⎯⎯⎯[9/20]⎯

 FAIL  src/test/api/languageCatalog.test.ts > api/languageCatalog fetchLanguageCatalogApi > formats URL with language and returns fetch result
AssertionError: expected "spy" to be called with arguments: [ …(2) ][90m

Received: 

[1m  1st spy call:

[22m[2m  [[22m
[2m    "formatted:https://www.qa-lifemiles.net/cms/<language>/cms/v1/landing-page/AUTHLANGUAGE/landing.json:en",[22m
[2m    {[22m
[31m+     "initConfig": {[90m
[31m+       "cache": "no-cache",[90m
[31m+     },[90m
[2m      "responseConfig": {[22m
[32m-       "microsite": Any<String>,[90m
[31m+       "microsite": "hub-keycloak-login-ui",[90m
[2m      },[22m
[2m    },[22m
[2m  ][22m
[39m[90m

Number of calls: [1m1[22m
[39m
 ❯ src/test/api/languageCatalog.test.ts:22:29
     20| 
     21|     expect(replaceTexts).toHaveBeenCalledWith(apiUrl?.strapi?.language…
     22|     expect(fetchApiService).toHaveBeenCalledWith(`formatted:${apiUrl?.…
       |                             ^
     23|       responseConfig: { microsite: expect.any(String) }
     24|     })

⎯⎯⎯⎯⎯⎯⎯⎯⎯⎯⎯⎯⎯⎯⎯⎯⎯⎯⎯⎯⎯⎯[10/20]⎯

 FAIL  src/test/api/partnerStyles.test.ts > api/partnerStyles fetchPartnerStyles > formats endpoints, includes microsite, and uses primary fetch when onlySecondary=false
AssertionError: expected "spy" to be called with arguments: [ StringContaining{…}, …(1) ][90m

Received: 

[1m  1st spy call:

[22m[2m  [[22m
[32m-   StringContaining "https://api.buttercms.com/v2/pages/mod_partner_styles/?locale=<language>&auth_token=<token>&fields.partner.code=<partner>",[90m
[31m+   "fmt:https://api.buttercms.com/v2/pages/mod_partner_styles/?locale=<language>&auth_token=<token>&fields.partner.code=<partner>:es:LM:60dc7ce557433d9165237bb161807cba88633bf3",[90m
[2m    {[22m
[31m+     "initConfig": {[90m
[31m+       "cache": "no-cache",[90m
[31m+     },[90m
[2m      "responseConfig": {[22m
[32m-       "microsite": Any<String>,[90m
[31m+       "microsite": "hub-keycloak-login-ui",[90m
[2m      },[22m
[2m    },[22m
[2m  ][22m

[1m  2nd spy call:

[22m[2m  [[22m
[32m-   StringContaining "https://api.buttercms.com/v2/pages/mod_partner_styles/?locale=<language>&auth_token=<token>&fields.partner.code=<partner>",[90m
[31m+   "fmt:https://cms-content.uat-lifemiles.net/api/cms/<partner>/mod_partner_styles_lm/mod-partner-style/data.json:es:LM:-",[90m
[2m    {[22m
[31m+     "initConfig": {[90m
[31m+       "cache": "no-cache",[90m
[31m+     },[90m
[2m      "responseConfig": {[22m
[32m-       "microsite": Any<String>,[90m
[31m+       "microsite": "hub-keycloak-login-ui",[90m
[2m      },[22m
[2m    },[22m
[2m  ][22m
[39m[90m

Number of calls: [1m2[22m
[39m
 ❯ src/test/api/partnerStyles.test.ts:33:29
     31| 
     32|     // fetchApiService called with responseConfig.microsite
     33|     expect(fetchApiService).toHaveBeenCalledWith(expect.stringContaini…
       |                             ^
     34|       responseConfig: { microsite: expect.any(String) }
     35|     })

⎯⎯⎯⎯⎯⎯⎯⎯⎯⎯⎯⎯⎯⎯⎯⎯⎯⎯⎯⎯⎯⎯[11/20]⎯


 Test Files  12 failed | 12 passed (24)
      Tests  17 failed | 65 passed (82)
   Start at  13:09:23
   Duration  12.49s (transform 4.87s, setup 20.43s, collect 11.17s, tests 4.45s, environment 59.70s, prepare 7.44s)

TEST_RC=1
SPA_DONE
